Model,Brand,Category,SubCategory,Active-Inactive,Remark,Update by,Update date
RT549N4TBN,Hisense,Refrigerator,2 Door,Active,,admin,01/08/2026
RT20HAR1DSA/ST,Samsung,Refrigerator,2 Door,Active,,admin,01/08/2026
RT266N4TGN,Hisense,Refrigerator,2 Door,Active,,admin,01/08/2026
RT308N4TGN,Hisense,Refrigerator,2 Door,Active,,admin,01/08/2026
TWD-T21BU140UWT(MG),Toshiba,Washing machine,Dryer,Active,,admin,01/08/2026
WT16B5240BA/ST,Samsung,Washing machine,Twin Tub,Active,,admin,01/08/2026
WA15CG5441BYST,Samsung,Washing machine,Top Load,Active,,admin,01/08/2026
RT38CG6020B1/ST,Samsung,Refrigerator,2 Door,Active,,admin,01/08/2026
WT180Q30,Hisense,Washing machine,Top Load,Active,,admin,01/08/2026
RS57DG4000M9ST,Samsung,Refrigerator,SBS,Active,,admin,01/08/2026
WTJH1313UB,Hisense,Washing machine,Top Load,Active,,admin,01/08/2026
GR-D189MS,Toshiba,Refrigerator,1 Door,Active,,admin,01/08/2026
55A6Q,Hisense,Television,!n/a,Active,,admin,01/08/2026
VH-Q150MT,Toshiba,Washing machine,Twin Tub,Active,,admin,01/08/2026
UA55U8000FKXXT,Samsung,Television,UHD,Active,,admin,01/08/2026
WD12DG6B85BBST,Samsung,Washing machine,Dryer,Active,,admin,01/08/2026
RT25FGRADB1/ST,Samsung,Refrigerator,2 Door,Active,,admin,01/08/2026
UA65U8000FKXXT,Samsung,Television,UHD,Active,,admin,01/08/2026
RT549N4TWU,Hisense,Refrigerator,2 Door,Active,,admin,01/08/2026
VH-Q180MT,Toshiba,Washing machine,Twin Tub,Active,,admin,01/08/2026
TW-T21BU115UWT(MG),Toshiba,Washing machine,Front Load,Active,,admin,01/08/2026
TW-T21BU140UWT(MG),Toshiba,Washing machine,Front Load,Active,,admin,01/08/2026
RQ518N4TBU,Hisense,Refrigerator,Multi Door,Active,,admin,01/08/2026
32A4Q,Hisense,Television,!n/a,Active,,admin,01/08/2026
GR-RT236WE-PMTH,Toshiba,Refrigerator,2 Door,Active,,admin,01/08/2026
65P6K,TCL,Television,!n/a,Active,,admin,01/08/2026
AW-DUK1300LT,Toshiba,Washing machine,Top Load,Active,,admin,01/08/2026
32S4K,TCL,Television,QLED,Active,,admin,01/08/2026
AW-T06DU2000QT,Toshiba,Washing machine,Top Load,Active,,admin,01/08/2026
GN-D382PQMB,LG,Refrigerator,2 Door,Active,,admin,01/08/2026
55P6K,TCL,Television,!n/a,Active,,admin,01/08/2026
GR-D906MS,Toshiba,Refrigerator,1 Door,Active,,admin,01/08/2026
65A6Q,Hisense,Television,!n/a,Active,,admin,01/08/2026
AW-DM1100PT,Toshiba,Washing machine,Top Load,Active,,admin,01/08/2026
WT12EPWDG,TCL,Washing machine,Wash & Dry,Active,,admin,01/08/2026
WF105N1,Hisense,Washing machine,Front Load,Active,,admin,01/08/2026
RT47CG6644S9ST,Samsung,Refrigerator,2 Door,Active,,admin,01/08/2026
RR61D4TGN,Hisense,Refrigerator,1 Door,Active,,admin,01/08/2026
WSRB1413UB,Hisense,Washing machine,Twin Tub,Active,,admin,01/08/2026
T2314VS2B,LG,Washing machine,Top Load,Active,,admin,01/08/2026
WD105M3,Hisense,Washing machine,Wash & Dry,Active,,admin,01/08/2026
WT201FTTW,TCL,Washing machine,Twin Tub,Active,,admin,01/08/2026
WD16T6500GV/ST,Samsung,Washing machine,Dryer,Active,,admin,01/08/2026
RS708N4TBN,Hisense,Refrigerator,SBS,Active,,admin,01/08/2026
WF16T6500GV/ST,Samsung,Washing machine,Front Load,Active,,admin,01/08/2026
WT14B5040BA/ST,Samsung,Washing machine,Twin Tub,Active,,admin,01/08/2026
WSRB1813UB,Hisense,Washing machine,Twin Tub,Active,,admin,01/08/2026
RT31CG5020S9/ST,Samsung,Refrigerator,2 Door,Active,,admin,01/08/2026
WA17CG6441BYST,Samsung,Washing machine,Front Load,Active,,admin,01/08/2026
UA75U8000FKXXT,Samsung,Television,UHD,Active,,admin,01/08/2026
43A6Q,Hisense,Television,!n/a,Active,,admin,01/08/2026
65US1000AN,ACONATIC,Television,!n/a,Active,,admin,01/08/2026
GR-RF611WI-PMTH(60),Toshiba,Refrigerator,Multi Door,Active,,admin,01/08/2026
40S5K,TCL,Television,!n/a,Active,,admin,01/08/2026
GR-D149MS,Toshiba,Refrigerator,1 Door,Active,,admin,01/08/2026
HRTN6408SXTH,HITACHI,Refrigerator,2 Door,Active,,admin,01/08/2026
43P6K,TCL,Television,!n/a,Active,,admin,01/08/2026
F207TMG,TCL,Refrigerator,1 Door,Active,,admin,01/08/2026
HR4N7522DSXTH,HITACHI,Refrigerator,Multi Door,Active,,admin,01/08/2026
GC-B187JBAM,LG,Refrigerator,SBS,Active,,admin,01/08/2026
AW-DUM1500LT,Toshiba,Washing machine,Top Load,Active,,admin,01/08/2026
RT09XFSDB,TCL,Refrigerator,1 Door,Active,,admin,01/08/2026
RT53DG7A14S9ST,Samsung,Refrigerator,2 Door,Active,,admin,01/08/2026
SF-150THV GG,HITACHI,Washing machine,Top Load,Active,,admin,01/08/2026
TWH-38WTH(W),Toshiba,Water heater,WH,Active,,admin,01/08/2026
WT149FTTG,TCL,Washing machine,Twin Tub,Active,,admin,01/08/2026
WA40F19E7CST,Samsung,Washing machine,Top Load,Active,,admin,01/08/2026
RT22FGRADB1/ST,Samsung,Refrigerator,2 Door,Active,,admin,01/08/2026
TD100XFVEM,HITACHI,Washing machine,Dryer,Active,,admin,01/08/2026
WT11EPWDG,TCL,Washing machine,Wash & Dry,Active,,admin,01/08/2026
RS808N4TBMU,Hisense,Refrigerator,SBS,Active,,admin,01/08/2026
WT142FTLG,TCL,Washing machine,Top Load,Active,,admin,01/08/2026
WT150F50,Hisense,Washing machine,Top Load,Active,,admin,01/08/2026
WT200Q50,Hisense,Washing machine,Top Load,Active,,admin,01/08/2026
RR121D4TGN,Hisense,Refrigerator,1 Door,Active,,admin,01/08/2026
RR239D4TGN,Hisense,Refrigerator,1 Door,Active,,admin,01/08/2026
UA43U8000FKXXT,Samsung,Television,UHD,Active,,admin,01/08/2026
UA50U8000FKXXT,Samsung,Television,UHD,Active,,admin,01/08/2026
RR209D4TBN,Hisense,Refrigerator,1 Door,Active,,admin,01/08/2026
40HSA120AN,ACONATIC,Television,!n/a,Active,,admin,01/08/2026
GR-RT624WE,Toshiba,Refrigerator,2 Door,Active,,admin,01/08/2026
GN-Y331SLS,LG,Refrigerator,1 Door,Active,,admin,01/08/2026
HRTN5255MFXTH,HITACHI,Refrigerator,2 Door,Active,,admin,01/08/2026
43HS1000AN,ACONATIC,Television,!n/a,Active,,admin,01/08/2026
43US900AN,ACONATIC,Television,!n/a,Active,,admin,01/08/2026
GR-RT558WE-PMT,Toshiba,Refrigerator,2 Door,Active,,admin,01/08/2026
75A6Q,Hisense,Television,!n/a,Active,,admin,01/08/2026
32A3100G,Hisense,Television,!n/a,Active,,admin,01/08/2026
F2515RNEG,LG,Washing machine,Front Load,Active,,admin,01/08/2026
GR-D706MG,Toshiba,Refrigerator,1 Door,Active,,admin,01/08/2026
F2515SNEG,LG,Washing machine,Front Load,Active,,admin,01/08/2026
AW-M901BT,Toshiba,Washing machine,Top Load,Active,,admin,01/08/2026
FV1410H4W,LG,Washing machine,Front Load,Active,,admin,01/08/2026
GR-RT558WE,Toshiba,Refrigerator,2 Door,Active,,admin,01/08/2026
75US900AN,ACONATIC,Television,!n/a,Active,,admin,01/08/2026
BD-802HVOW,HITACHI,Washing machine,Front Load,Active,,admin,01/08/2026
32HS1000AN,ACONATIC,Television,!n/a,Active,,admin,01/08/2026
HRTN5198MXTH,HITACHI,Refrigerator,2 Door,Active,,admin,01/08/2026
AW-DUN1700MT,Toshiba,Washing machine,Top Load,Active,,admin,01/08/2026
HRTN5230MXTH,HITACHI,Refrigerator,2 Door,Active,,admin,01/08/2026
WT11KFDYW,TCL,Washing machine,Dryer,Active,,admin,01/08/2026
WD13BB944DGHST,Samsung,Washing machine,Dryer,Active,,admin,01/08/2026
RS588N4TS2N,Hisense,Refrigerator,SBS,Active,,admin,01/08/2026
TWH-45WTH(W),Toshiba,Water heater,WH,Active,,admin,01/08/2026
T2519VBTB,LG,Washing machine,Top Load,Active,,admin,01/08/2026
TW-T21BU105UWT,Toshiba,Washing machine,Front Load,Active,,admin,01/08/2026
WW10DB7U94GBST,Samsung,Washing machine,Front Load,Active,,admin,01/08/2026
QA65Q7F4AKXXT,Samsung,Television,QLED,Active,,admin,01/08/2026
WD105R5,Hisense,Washing machine,Wash & Dry,Active,,admin,01/08/2026
RR209D4TGN,Hisense,Refrigerator,1 Door,Active,,admin,01/08/2026
T2515VBTM,LG,Washing machine,Top Load,Active,,admin,01/08/2026
TX2520DT50,LG,Washing machine,Top Load,Active,,admin,01/08/2026
TD-BP110GHT(MG),Toshiba,Washing machine,Dryer,Active,,admin,01/08/2026
RF189N4TW1,Hisense,Freezer,ตู้แช่ทึบ,Active,,admin,01/08/2026
HRTN6443SGBKTH,HITACHI,Refrigerator,2 Door,Active,,admin,01/08/2026
RT42CG6644S9ST,Samsung,Refrigerator,2 Door,Active,,admin,01/08/2026
TT18NAPG,LG,Washing machine,Twin Tub,Active,,admin,01/08/2026
RR239D4TBN,Hisense,Refrigerator,1 Door,Active,,admin,01/08/2026
QA43Q7F4AKXXT,Samsung,Television,QLED,Active,,admin,01/08/2026
RT50MPSBG,TCL,Refrigerator,SBS,Active,,admin,01/08/2026
SF-170THV GG,HITACHI,Washing machine,Top Load,Active,,admin,01/08/2026
RS559N4TBN,Hisense,Refrigerator,2 Door,Active,,admin,01/08/2026
RT19XFSDS,TCL,Refrigerator,1 Door,Active,,admin,01/08/2026
VH-L170MT,Toshiba,Washing machine,Twin Tub,Active,,admin,01/08/2026
WF120N1,Hisense,Washing machine,Front Load,Active,,admin,01/08/2026
RF259N4TW1,Hisense,Freezer,ตู้แช่ทึบ,Active,,admin,01/08/2026
P611FLW,TCL,Washing machine,Front Load,Active,,admin,01/08/2026
RT156N1ES,Hisense,Refrigerator,1 Door,Active,,admin,01/08/2026
TT10NARG,LG,Washing machine,Twin Tub,Active,,admin,01/08/2026
RF459N4TW1,Hisense,Freezer,ตู้แช่ทึบ,Active,,admin,01/08/2026
WT129FTTG,TCL,Washing machine,Twin Tub,Active,,admin,01/08/2026
RT95XFSDB,TCL,Refrigerator,1 Door,Active,,admin,01/08/2026
WT1410NHEG,LG,Washing machine,Front Load,Active,,admin,01/08/2026
RV10VHP2B,LG,Washing machine,Dryer,Active,,admin,01/08/2026
WW80T3040WW/ST,Samsung,Washing machine,Front Load,Active,,admin,01/08/2026
WA70F13E4CST,Samsung,Washing machine,Top Load,Active,,admin,01/08/2026
RF359N4TW1,Hisense,Freezer,ตู้แช่ทึบ,Active,,admin,01/08/2026
WA70F15E4CST,Samsung,Washing machine,Top Load,Active,,admin,01/08/2026
TWD-T35BP160MWT(GB),Toshiba,Washing machine,Dryer,Active,,admin,01/08/2026
WA80F17S8BST,Samsung,Washing machine,Top Load,Active,,admin,01/08/2026
RT15XFSDS,TCL,Refrigerator,1 Door,Active,,admin,01/08/2026
TWD-T25BZU115MWT,Toshiba,Washing machine,Wash & Dry,Active,,admin,01/08/2026
TT14WAPG,LG,Washing machine,Twin Tub,Active,,admin,01/08/2026
WW10DG5U34AEST,Samsung,Washing machine,Front Load,Active,,admin,01/08/2026
TT15NARG,LG,Washing machine,Twin Tub,Active,,admin,01/08/2026
TT17NAPG,LG,Washing machine,Twin Tub,Active,,admin,01/08/2026
TT16WAPG,LG,Washing machine,Twin Tub,Active,,admin,01/08/2026
GR-RT234WE-DMTH,Toshiba,Refrigerator,2 Door,Active,,admin,01/08/2026
GN-B452PFFQ,LG,Refrigerator,2 Door,Active,,admin,01/08/2026
HR1S5187MNGTH,HITACHI,Refrigerator,1 Door,Active,,admin,01/08/2026
40A4Q,Hisense,Television,!n/a,Active,,admin,01/08/2026
GR-RC130CE,Toshiba,Freezer,ตู้แช่ทึบ,Active,,admin,01/08/2026
85A7Q,Hisense,Television,!n/a,Active,,admin,01/08/2026
GR-RT466WE,Toshiba,Refrigerator,2 Door,Active,,admin,01/08/2026
50A4Q,Hisense,Television,!n/a,Active,,admin,01/08/2026
FV1413H4M,LG,Washing machine,Front Load,Active,,admin,01/08/2026
50S5K,TCL,Television,QLED,Active,,admin,01/08/2026
43P7K,TCL,Television,QLED,Active,,admin,01/08/2026
AW-DUM1400LT,Toshiba,Washing machine,Top Load,Active,,admin,01/08/2026
GR-RF690WI-PGTH(67),Toshiba,Refrigerator,Multi Door,Active,,admin,01/08/2026
AW-DUM1600LT,Toshiba,Washing machine,Top Load,Active,,admin,01/08/2026
GR-RT310WE,Toshiba,Refrigerator,2 Door,Active,,admin,01/08/2026
AW-DUN1800MT,Toshiba,Washing machine,Top Load,Active,,admin,01/08/2026
65QNED80ASA,LG,Television,QLED,Active,,admin,01/08/2026
BD-1054HV0S,HITACHI,Washing machine,Front Load,Active,,admin,01/08/2026
FV1411S4W1,LG,Washing machine,Front Load,Active,,admin,01/08/2026
BD-D1054HV0S,HITACHI,Washing machine,Front Load,Active,,admin,01/08/2026
FV1413S2BA,LG,Washing machine,Front Load,Active,,admin,01/08/2026
HRTN5230MBBKTH,HITACHI,Refrigerator,2 Door,Active,,admin,01/08/2026
55US1000AN,ACONATIC,Television,!n/a,Active,,admin,01/08/2026
32HD515AN,ACONATIC,Television,!n/a,Active,,admin,01/08/2026
65NANO80ASA,LG,Television,UHD,Active,,admin,01/08/2026
HRTN6408SUTH,HITACHI,Refrigerator,2 Door,Active,,admin,01/08/2026
GR-RC259CE,Toshiba,Freezer,ตู้แช่ทึบ,Active,,admin,01/08/2026
F118TMG,TCL,Refrigerator,1 Door,Active,,admin,01/08/2026
GR-RF695WI-PGTH(67),Toshiba,Refrigerator,Multi Door,Active,,admin,01/08/2026
55T6D,TCL,Television,QLED,Active,,admin,01/08/2026
GR-RT252WE,Toshiba,Refrigerator,2 Door,Active,,admin,01/08/2026
F710TLW,TCL,Washing machine,Top Load,Active,,admin,01/08/2026
GR-RT310WE-PMTH(68),Toshiba,Refrigerator,2 Door,Active,,admin,01/08/2026
FB1209S6W,LG,Washing machine,Front Load,Active,,admin,01/08/2026
GR-RT466WE-PMTH,Toshiba,Refrigerator,2 Door,Active,,admin,01/08/2026
FV1209S5WG,LG,Washing machine,Front Load,Active,,admin,01/08/2026
GR-RT624WE-PMT,Toshiba,Refrigerator,2 Door,Active,,admin,01/08/2026
55UA7350PSB,LG,Television,UHD,Active,,admin,01/08/2026
43UA7350PSB,LG,Television,UHD,Active,,admin,01/08/2026
FV1410S5WG1,LG,Washing machine,Front Load,Active,,admin,01/08/2026
FV1413H2BA,LG,Washing machine,Front Load,Active,,admin,01/08/2026
LS32H5000FKXXT,Samsung,Television,!n/a,Active,,admin,01/08/2026
TW-T21BU80UWT(WW),Toshiba,Washing machine,Top Load,Active,,admin,01/08/2026
QA65Q8F5AKXXT,Samsung,Television,QLED,Active,,admin,01/08/2026
LTT12JWT,HITACHI,Washing machine,Twin Tub,Active,,admin,01/08/2026
UA55DU8100KXXT,Samsung,Television,UHD,Active,,admin,01/08/2026
T2312NBTO,LG,Washing machine,Top Load,Active,,admin,01/08/2026
RT42CB664412ST,Samsung,Refrigerator,2 Door,Active,,admin,01/08/2026
UA98DU9000KXXT,Samsung,Television,UHD,Active,,admin,01/08/2026
TWH-65EGNTH(K),Toshiba,Water heater,WH,Active,,admin,01/08/2026
VH-L150MT,Toshiba,Washing machine,Twin Tub,Active,,admin,01/08/2026
RT62GPSBD,TCL,Refrigerator,SBS,Active,,admin,01/08/2026
T2312VSPB,LG,Washing machine,Top Load,Active,,admin,01/08/2026
LTT10JWT,HITACHI,Washing machine,Twin Tub,Active,,admin,01/08/2026
VH-Q130MT,Toshiba,Washing machine,Twin Tub,Active,,admin,01/08/2026
WF90N1,Hisense,Washing machine,Front Load,Active,,admin,01/08/2026
T2313NBTB,LG,Washing machine,Top Load,Active,,admin,01/08/2026
LTL H3MVW0T GG,HITACHI,Washing machine,Top Load,Active,,admin,01/08/2026
T2313VSPB1,LG,Washing machine,Top Load,Active,,admin,01/08/2026
WT12XCFLG,TCL,Washing machine,Top Load,Active,,admin,01/08/2026
WA10CG4545BYST,Samsung,Washing machine,Top Load,Active,,admin,01/08/2026
RS670N4AD1,Hisense,Refrigerator,SBS,Active,,admin,01/08/2026
WA13CG5441BYST,Samsung,Washing machine,Top Load,Active,,admin,01/08/2026
WT18ETLG,TCL,Washing machine,Top Load,Active,,admin,01/08/2026
LTT17JWTMRG,HITACHI,Washing machine,Top Load,Active,,admin,01/08/2026
RS70F65K1BST,Samsung,Refrigerator,SBS,Active,,admin,01/08/2026
RF59CB001AP/ST,Samsung,Refrigerator,!n/a,Active,,admin,01/08/2026
WW13T504DAB/ST,Samsung,Washing machine,Front Load,Active,,admin,01/08/2026
WA19CG6745BDST,Samsung,Washing machine,Top Load,Active,,admin,01/08/2026
WW90T3040WW/ST,Samsung,Washing machine,Front Load,Active,,admin,01/08/2026
WA25B8377GV/ST,Samsung,Washing machine,Top Load,Active,,admin,01/08/2026
QA55Q7F4AKXXT,Samsung,Television,QLED,Active,,admin,01/08/2026
WA40F12E4CST,Samsung,Washing machine,Top Load,Active,,admin,01/08/2026
TWD-T21BU115UWT,Toshiba,Washing machine,Front Load,Active,,admin,01/08/2026
T2517VBTB,LG,Washing machine,Top Load,Active,,admin,01/08/2026
WT089FTTG,TCL,Washing machine,Twin Tub,Active,,admin,01/08/2026
T2517VBTM,LG,Washing machine,Top Load,Active,,admin,01/08/2026
RT47CB668422/ST,Samsung,Refrigerator,2 Door,Active,,admin,01/08/2026
MR-FC23EY,Mitsu Elec,Refrigerator,2 Door,Active,,admin,01/08/2026
QA75Q7F4AKXXT,Samsung,Television,QLED,Active,,admin,01/08/2026
RQ758N4TWU,Hisense,Refrigerator,Multi Door,Active,,admin,01/08/2026
TWH-48MFNTH(K),Toshiba,Water heater,WH,Active,,admin,01/08/2026
WA80F19S8BST,Samsung,Washing machine,Top Load,Active,,admin,01/08/2026
QA85Q7F4AKXXT,Samsung,Television,QLED,Active,,admin,01/08/2026
WA80F21S8BST,Samsung,Washing machine,Top Load,Active,,admin,01/08/2026
RF129N4TW1,Hisense,Freezer,!n/a,Active,,admin,01/08/2026
MR-FC31EY,Mitsu Elec,Refrigerator,2 Door,Active,,admin,01/08/2026
TW-T25BU115MWT(MG),Toshiba,Washing machine,Front Load,Active,,admin,01/08/2026
TD-H80SET,Toshiba,Washing machine,Dryer,Active,,admin,01/08/2026
WT195FTLG,TCL,Washing machine,Top Load,Active,,admin,01/08/2026
MR-FV22T/SL,Mitsu Elec,Refrigerator,2 Door,Active,,admin,01/08/2026
TX2522DT5G,LG,Washing machine,Top Load,Active,,admin,01/08/2026
RT286N4TBN,Hisense,Refrigerator,2 Door,Active,,admin,01/08/2026
LTL10M00GG,HITACHI,Washing machine,Top Load,Active,,admin,01/08/2026
HRTN6443SXTH,HITACHI,Refrigerator,2 Door,Active,,admin,01/08/2026
WW12CG604DLEST,Samsung,Washing machine,Front Load,Active,,admin,01/08/2026
WD5S1243BB,Hisense,Washing machine,Wash & Dry,Active,,admin,01/08/2026
WW80FG3M05TWST,Samsung,Washing machine,Front Load,Active,,admin,01/08/2026
WD90F21BCSST,Samsung,Washing machine,Wash & Dry,Active,,admin,01/08/2026
UA65DU8100KXXT,Samsung,Television,UHD,Active,,admin,01/08/2026
WD90T604DBE/ST,Samsung,Washing machine,Wash & Dry,Active,,admin,01/08/2026
TD90YFE,HITACHI,Washing machine,Dryer,Active,,admin,01/08/2026
55QSB340AN,ACONATIC,Television,QLED,Active,,admin,01/08/2026
GR-RT268WE,Toshiba,Refrigerator,2 Door,Active,,admin,01/08/2026
AN-FR1830,ACONATIC,Refrigerator,1 Door,Active,,admin,01/08/2026
75A7Q,Hisense,Television,!n/a,Active,,admin,01/08/2026
65Q6Q,Hisense,Television,QLED,Active,,admin,01/08/2026
F708TLG,TCL,Washing machine,Top Load,Active,,admin,01/08/2026
GR-RC390CE,Toshiba,Freezer,ตู้แช่ทึบ,Active,,admin,01/08/2026
75NANO80ASA,LG,Television,UHD,Active,,admin,01/08/2026
HRTN5275MFXTH,HITACHI,Refrigerator,2 Door,Active,,admin,01/08/2026
75NU855BPSA,LG,Television,UHD,Active,,admin,01/08/2026
GR-RT349WE,Toshiba,Refrigerator,2 Door,Active,,admin,01/08/2026
50US210AN,ACONATIC,Television,!n/a,Active,,admin,01/08/2026
GV-D252PQMB,LG,Refrigerator,2 Door,Active,,admin,01/08/2026
75P6K,TCL,Television,!n/a,Active,,admin,01/08/2026
DH80N1,Hisense,Washing machine,Dryer,Active,,admin,01/08/2026
50US900AN,ACONATIC,Television,!n/a,Active,,admin,01/08/2026
65NU855BPSA,LG,Television,UHD,Active,,admin,01/08/2026
FV1411S3MA,LG,Washing machine,Front Load,Active,,admin,01/08/2026
GR-RS600WI-PMT,Toshiba,Refrigerator,SBS,Active,,admin,01/08/2026
75UA8450PSA,LG,Television,UHD,Active,,admin,01/08/2026
GR-RT236WE-PMTH(50),Toshiba,Refrigerator,2 Door,Active,,admin,01/08/2026
65US900AN,ACONATIC,Television,!n/a,Active,,admin,01/08/2026
EDV804H3WC,Electrolux,Washing machine,Dryer,Active,,admin,01/08/2026
32HS410AN,ACONATIC,Television,!n/a,Active,,admin,01/08/2026
55Q6Q,Hisense,Television,QLED,Active,,admin,01/08/2026
55A7Q,Hisense,Television,!n/a,Active,,admin,01/08/2026
65T6D,TCL,Television,QLED,Active,,admin,01/08/2026
55UQ7050PSA,LG,Television,!n/a,Active,,admin,01/08/2026
65UA7350PSB,LG,Television,UHD,Active,,admin,01/08/2026
GC-B187JQAM,LG,Refrigerator,SBS,Active,,admin,01/08/2026
43UA8450PSA,LG,Television,UHD,Active,,admin,01/08/2026
GN-B202SQBB,LG,Refrigerator,2 Door,Active,,admin,01/08/2026
DV10BB9440GHST,Samsung,Washing machine,Dryer,Active,,admin,01/08/2026
GN-B212PFNF,LG,Refrigerator,2 Door,Active,,admin,01/08/2026
GR-RF605WI-PMT,Toshiba,Refrigerator,2 Door,Active,,admin,01/08/2026
GN-B212PFNR,LG,Refrigerator,2 Door,Active,,admin,01/08/2026
98C655,TCL,Television,QLED,Active,,admin,01/08/2026
GN-B262PQSF,LG,Refrigerator,2 Door,Active,,admin,01/08/2026
GR-RS600WI,Toshiba,Refrigerator,SBS,Active,,admin,01/08/2026
65UT7350PSB,LG,Television,!n/a,Active,,admin,01/08/2026
GR-RS780WI-PMT,Toshiba,Refrigerator,SBS,Active,,admin,01/08/2026
GN-C702HXCM,LG,Refrigerator,2 Door,Active,,admin,01/08/2026
43T6D,TCL,Television,QLED,Active,,admin,01/08/2026
GN-D322PQMB,LG,Refrigerator,!n/a,Active,,admin,01/08/2026
AN-FR4000S,ACONATIC,Refrigerator,2 Door,Active,,admin,01/08/2026
55NANO80AS,LG,Television,UHD,Active,,admin,01/08/2026
GR-RT303WE,Toshiba,Refrigerator,2 Door,Active,,admin,01/08/2026
GN-X332PPGB,LG,Refrigerator,2 Door,Active,,admin,01/08/2026
EWF1023P5WC,Electrolux,Washing machine,Front Load,Active,,admin,01/08/2026
GN-Y201CLS,LG,Refrigerator,1 Door,Active,,admin,01/08/2026
EWF1025DQWB,Electrolux,Washing machine,Front Load,Active,,admin,01/08/2026
55US500AN,ACONATIC,Television,!n/a,Active,,admin,01/08/2026
GR-RT535WEA,Toshiba,Refrigerator,2 Door,Active,,admin,01/08/2026
55US700AN,ACONATIC,Television,!n/a,Active,,admin,01/08/2026
EWW1023P5SC,Electrolux,Washing machine,Front Load,Active,,admin,01/08/2026
GR-D149SB,Toshiba,Refrigerator,1 Door,Active,,admin,01/08/2026
EWW1343P5SC,Electrolux,Washing machine,Front Load,Active,,admin,01/08/2026
BD-904HVOW,HITACHI,Washing machine,Front Load,Active,,admin,01/08/2026
AN-FR928,ACONATIC,Refrigerator,1 Door,Active,,admin,01/08/2026
GR-D189SB,Toshiba,Refrigerator,1 Door,Active,,admin,01/08/2026
55QNED80ASA,LG,Television,QLED,Active,,admin,01/08/2026
65A7Q,Hisense,Television,!n/a,Active,,admin,01/08/2026
GR-D706MSG,Toshiba,Refrigerator,!n/a,Active,,admin,01/08/2026
DV90CGC2A0AEST,Samsung,Washing machine,Dryer,Active,,admin,01/08/2026
HRTN5275MFUTH,HITACHI,Refrigerator,!n/a,Active,,admin,01/08/2026
DV90F17CDSST,Samsung,Washing machine,Dryer,Active,,admin,01/08/2026
HRTN6408SGBKTH,HITACHI,Refrigerator,2 Door,Active,,admin,01/08/2026
DV90T6240LE,Samsung,Washing machine,Dryer,Active,,admin,01/08/2026
EDS904N3SC,Electrolux,Washing machine,Dryer,Active,,admin,01/08/2026
100Q6Q,Hisense,Television,!n/a,Active,,admin,01/08/2026
PS140WJ,HITACHI,Washing machine,Twin Tub,Active,,admin,01/08/2026
WTWH-38MFNTH,Toshiba,Water heater,WH,Active,,admin,01/08/2026
WT04KFDYW,TCL,Washing machine,Dryer,Active,,admin,01/08/2026
RBG340PTHOGPW,HITACHI,Refrigerator,!n/a,Active,,admin,01/08/2026
OLED55A2,LG,Television,OLED,Active,,admin,01/08/2026
SF-170ZCV,HITACHI,Washing machine,Top Load,Active,,admin,01/08/2026
RT47C6644S9ST,Samsung,Refrigerator,2 Door,Active,,admin,01/08/2026
SF200ZGV,HITACHI,Washing machine,Top Load,Active,,admin,01/08/2026
RVG450PDX,HITACHI,Refrigerator,2 Door,Active,,admin,01/08/2026
SF200ZGV/SS,HITACHI,Washing machine,Top Load,Active,,admin,01/08/2026
SF-170THV,HITACHI,Washing machine,Top Load,Active,,admin,01/08/2026
T2310VSPM,LG,Washing machine,Top Load,Active,,admin,01/08/2026
P609FLW,TCL,Washing machine,Front Load,Active,,admin,01/08/2026
LTT 1 JWT MRG,HITACHI,Washing machine,Twin Tub,Active,,admin,01/08/2026
RT38CG6020S9/ST,Samsung,Refrigerator,2 Door,Active,,admin,01/08/2026
LF129N4TW1,Hisense,Freezer,!n/a,Active,,admin,01/08/2026
RT52GCCDW,TCL,Refrigerator,2 Door,Active,,admin,01/08/2026
LF189N4TW1,Hisense,Freezer,!n/a,Active,,admin,01/08/2026
RV10VHP3W1,LG,Washing machine,Dryer,Active,,admin,01/08/2026
T2313NBTO,LG,Washing machine,Top Load,Active,,admin,01/08/2026
RWB640P1H1,HITACHI,Refrigerator,Multi Door,Active,,admin,01/08/2026
LF229N4TW1,Hisense,Freezer,!n/a,Active,,admin,01/08/2026
WW12DG604DLEST,Samsung,Washing machine,Front Load,Active,,admin,01/08/2026
MF-U14S/W,Mitsu Elec,Freezer,!n/a,Active,,admin,01/08/2026
VH-H85MT,Toshiba,Washing machine,Twin Tub,Active,,admin,01/08/2026
RF48A4000M9/ST,Samsung,Refrigerator,!n/a,Active,,admin,01/08/2026
OLED65G5PSA,LG,Television,OLED,Active,,admin,01/08/2026
T2516VBTM,LG,Washing machine,Top Load,Active,,admin,01/08/2026
WA19CG6745BSDT,Samsung,Washing machine,Top Load,Active,,admin,01/08/2026
T2517BTB,LG,Washing machine,Top Load,Active,,admin,01/08/2026
LTL 15MVWOT,HITACHI,Washing machine,Top Load,Active,,admin,01/08/2026
RF559N4TW1,Hisense,Freezer,!n/a,Active,,admin,01/08/2026
WD10T734DBX,Samsung,Washing machine,Dryer,Active,,admin,01/08/2026
MR-140T/SL,Mitsu Elec,Refrigerator,!n/a,Active,,admin,01/08/2026
HWD-150000,HITACHI,Water dispenser,Hot/Cold,Active,,admin,01/08/2026
T2518VBTB,LG,Washing machine,Top Load,Active,,admin,01/08/2026
WS200D10,Hisense,Washing machine,Twin Tub,Active,,admin,01/08/2026
RF59DU4D/ST,Samsung,Refrigerator,!n/a,Active,,admin,01/08/2026
RT62MPSBG,TCL,Refrigerator,2 Door,Active,,admin,01/08/2026
T2519VSPB,LG,Washing machine,Top Load,Active,,admin,01/08/2026
WT141TL,TCL,Washing machine,Top Load,Active,,admin,01/08/2026
RF759N4TW1,Hisense,Freezer,!n/a,Active,,admin,01/08/2026
RVGX350PF-1,HITACHI,Refrigerator,2 Door,Active,,admin,01/08/2026
WW90T504DAW,Samsung,Washing machine,Top Load,Active,,admin,01/08/2026
WT2116SHBB,LG,Washing machine,Wash & Dry,Active,,admin,01/08/2026
HRTN6443GBKTH,HITACHI,Refrigerator,!n/a,Active,,admin,01/08/2026
WW11CGP44DSBST,Samsung,Washing machine,Top Load,Active,,admin,01/08/2026
RFT53DG7A14B1ST,Samsung,Refrigerator,!n/a,Active,,admin,01/08/2026
SF 170 ZCV SS,HITACHI,Washing machine,Top Load,Active,,admin,01/08/2026
TD-DH80SET,Toshiba,Washing machine,Dryer,Active,,admin,01/08/2026
VH-H140WT,Toshiba,Washing machine,Twin Tub,Active,,admin,01/08/2026
RH64A53F115,Samsung,Refrigerator,SBS,Active,,admin,01/08/2026
VH-J1400MT,Toshiba,Washing machine,Twin Tub,Active,,admin,01/08/2026
TD-K90MET,Toshiba,Washing machine,Top Load,Active,,admin,01/08/2026
OLED55Q5PSA,LG,Television,OLED,Active,,admin,01/08/2026
TD-T21B90HWT,Toshiba,Washing machine,Dryer,Active,,admin,01/08/2026
RT201N3ES7,Hisense,Refrigerator,2 Door,Active,,admin,01/08/2026
TD-T25BS110HWT,Toshiba,Washing machine,Top Load,Active,,admin,01/08/2026
WA18CG6886BV/ST,Samsung,Washing machine,Top Load,Active,,admin,01/08/2026
TD-T37BS90HWT(WT),Toshiba,Washing machine,Dryer,Active,,admin,01/08/2026
WA21CG6886BVST,Samsung,Washing machine,Top Load,Active,,admin,01/08/2026
THW-38MFNTH(W)-WB,Toshiba,Water heater,WH,Active,,admin,01/08/2026
PS-170WJT,HITACHI,Washing machine,Twin Tub,Active,,admin,01/08/2026
THW-45MFNTH(W)-WB,Toshiba,Water heater,WH,Active,,admin,01/08/2026
RT35CB564422/ST,Samsung,Refrigerator,2 Door,Active,,admin,01/08/2026
RQ518N4TBN,Hisense,Refrigerator,Multi Door,Active,,admin,01/08/2026
QA55Q65ABKXXT,Samsung,Television,QLED,Active,,admin,01/08/2026
TT12WARG,LG,Washing machine,Twin Tub,Active,,admin,01/08/2026
WD13BB944DGGST,Samsung,Washing machine,Wash & Dry,Active,,admin,01/08/2026
TT13WARG,LG,Washing machine,Twin Tub,Active,,admin,01/08/2026
WD25DB899BZST,Samsung,Washing machine,Wash & Dry,Active,,admin,01/08/2026
MR-180T,Mitsu Elec,Refrigerator,1 Door,Active,,admin,01/08/2026
QA55Q8F5AKXXT,Samsung,Television,QLED,Active,,admin,01/08/2026
RQ610N4TBNI3,Hisense,Refrigerator,Multi Door,Active,,admin,01/08/2026
QA55QN70TAKXXT,Samsung,Television,QLED,Active,,admin,01/08/2026
RQ662N4TWU,Hisense,Refrigerator,Multi Door,Active,,admin,01/08/2026
QA55S85FAEXXT,Samsung,Television,QLED,Active,,admin,01/08/2026
RQ758N4TBU,Hisense,Refrigerator,Multi Door,Active,,admin,01/08/2026
WT109FTTG,TCL,Washing machine,Twin Tub,Active,,admin,01/08/2026
MR-18TA,Mitsu Elec,Refrigerator,1 Door,Active,,admin,01/08/2026
RV09VHP4W1,LG,Washing machine,Top Load,Active,,admin,01/08/2026
TV2516VBTB,LG,Washing machine,Top Load,Active,,admin,01/08/2026
RV10VHP4B,LG,Washing machine,Dryer,Active,,admin,01/08/2026
TV2519DV3B,LG,Washing machine,Top Load,Active,,admin,01/08/2026
WT142FTG,TCL,Washing machine,Top Load,Active,,admin,01/08/2026
TV2521DV7B,LG,Washing machine,Top Load,Active,,admin,01/08/2026
RVG550PDX GBK,HITACHI,Refrigerator,!n/a,Active,,admin,01/08/2026
TW-BH85S2T,Toshiba,Washing machine,Front Load,Active,,admin,01/08/2026
RW230N4TSE,Hisense,Freezer,!n/a,Active,,admin,01/08/2026
TWD-BM135GF4T(SK),Toshiba,Washing machine,Wash & Dry,Active,,admin,01/08/2026
RWB640PTH1 GCK,HITACHI,Refrigerator,!n/a,Active,,admin,01/08/2026
MR-18TA-SL,Mitsu Elec,Refrigerator,!n/a,Active,,admin,01/08/2026
WT90F30,Hisense,Washing machine,Top Load,Active,,admin,01/08/2026
TWD-T21BU140UWT,Toshiba,Washing machine,Wash & Dry,Active,,admin,01/08/2026
RWF-W1664TK(K1),Toshiba,Water dispenser,Hot/Cold,Active,,admin,01/08/2026
RR209D4,Hisense,Refrigerator,1 Door,Active,,admin,01/08/2026
RWF-W1668BTH,Toshiba,Water heater,WH,Active,,admin,01/08/2026
TWD-T21BU95UWT(WW),Toshiba,Washing machine,Wash & Dry,Active,,admin,01/08/2026
RWF-W1668BTH(W),Toshiba,Water dispenser,Hot/Cold,Active,,admin,01/08/2026
RR209D4T,Hisense,Refrigerator,1 Door,Active,,admin,01/08/2026
WW90GFM05TWST,Samsung,Washing machine,Front Load,Active,,admin,01/08/2026
TWD-T25BZU155MWT,Toshiba,Washing machine,Wash & Dry,Active,,admin,01/08/2026
MR-LA65ES/GBK,Mitsu Elec,Refrigerator,!n/a,Active,,admin,01/08/2026
TWD-T25BZU15MWT(MG),Toshiba,Washing machine,Wash & Dry,Active,,admin,01/08/2026
VH-H85M,Toshiba,Washing machine,Twin Tub,Active,,admin,01/08/2026
MR-18TJA/DSL,Mitsu Elec,Refrigerator,!n/a,Active,,admin,01/08/2026
VH-J120MT,Toshiba,Washing machine,Twin Tub,Active,,admin,01/08/2026
TWH-38EFNTH(W),Toshiba,Water heater,WH,Active,,admin,01/08/2026
RS90F65D2FST,Samsung,Refrigerator,SBS,Active,,admin,01/08/2026
TWH-38MFNTH(K),Toshiba,Water heater,WH,Active,,admin,01/08/2026
VH-Q110MT,Toshiba,Washing machine,Twin Tub,Active,,admin,01/08/2026
TWH-38MFNTH(K)-CB,Toshiba,Water heater,WH,Active,,admin,01/08/2026
OLED65G5B3PSA,LG,Television,OLED,Active,,admin,01/08/2026
TWH-38MFNTH(W),Toshiba,Water heater,WH,Active,,admin,01/08/2026
WA10CG4545BY,Samsung,Washing machine,Top Load,Active,,admin,01/08/2026
TWH-38WTH,Toshiba,Water heater,WH,Active,,admin,01/08/2026
P470CDS,TCL,Refrigerator,Multi Door,Active,,admin,01/08/2026
HSC-330FLB,Hisense,Freezer,!n/a,Active,,admin,01/08/2026
LTL 12MVWOT CG,HITACHI,Washing machine,Top Load,Active,,admin,01/08/2026
TWH-45EMCNTH(K)-KB,Toshiba,Water heater,WH,Active,,admin,01/08/2026
RT25FGRADSA/ST,Samsung,Refrigerator,2 Door,Active,,admin,01/08/2026
TWH-45MCNTH(K)-KB,Toshiba,Water heater,WH,Active,,admin,01/08/2026
WA21CG6886BVHP,Samsung,Washing machine,Top Load,Active,,admin,01/08/2026
TWH-45WTH,Toshiba,Water heater,WH,Active,,admin,01/08/2026
WA23A8377GV/ST,Samsung,Washing machine,Top Load,Active,,admin,01/08/2026
MR-FC26ET/SSL,Mitsu Elec,Refrigerator,!n/a,Active,,admin,01/08/2026
WA40F12E4BST,Samsung,Washing machine,Top Load,Active,,admin,01/08/2026
TWH-48EFNTH(W),Toshiba,Water heater,WH,Active,,admin,01/08/2026
QA43Q65ABKXXT,Samsung,Television,QLED,Active,,admin,01/08/2026
TWH-48EFNTH(W)-CB,Toshiba,Water heater,WH,Active,,admin,01/08/2026
WA70F13E4LST,Samsung,Washing machine,Top Load,Active,,admin,01/08/2026
MR-FC26EY,Mitsu Elec,Refrigerator,2 Door,Active,,admin,01/08/2026
QA50Q7F4AKXXT,Samsung,Television,QLED,Active,,admin,01/08/2026
TWH-48MFNTH(K)-CB,Toshiba,Water heater,WH,Active,,admin,01/08/2026
RT419N4TSN,Hisense,Refrigerator,2 Door,Active,,admin,01/08/2026
TWH-48MFNTH(W),Toshiba,Water heater,WH,Active,,admin,01/08/2026
RT42CB664422ST,Samsung,Refrigerator,2 Door,Active,,admin,01/08/2026
TWH-60EFNTH(K)-RS,Toshiba,Water heater,WH,Active,,admin,01/08/2026
RT42CB6644BST,Samsung,Refrigerator,2 Door,Active,,admin,01/08/2026
LTL 10MOO CG,HITACHI,Washing machine,Top Load,Active,,admin,01/08/2026
QA55Q6FAAKXXT,Samsung,Television,QLED,Active,,admin,01/08/2026
TWP-W1743STH(W),Toshiba,Water dispenser,Hot/Cold,Active,,admin,01/08/2026
WD25DB8995BZST,Samsung,Washing machine,Front Load,Active,,admin,01/08/2026
MR-FC35ES/SSL,Mitsu Elec,Refrigerator,!n/a,Active,,admin,01/08/2026
RT47CB6644C2ST,Samsung,Refrigerator,2 Door,Active,,admin,01/08/2026
TW-T21BU115UWT,Toshiba,Washing machine,Front Load,Active,,admin,01/08/2026
QA55Q7F5AKXXT,Samsung,Television,QLED,Active,,admin,01/08/2026
MR-FC38ES,Mitsu Elec,Refrigerator,2 Door,Active,,admin,01/08/2026
RT52GCCDE,TCL,Refrigerator,Multi Door,Active,,admin,01/08/2026
TW-T21BU11S,Toshiba,Washing machine,Top Load,Active,,admin,01/08/2026
WF90F25ADSST,Samsung,Washing machine,Front Load,Active,,admin,01/08/2026
RS57DG4100B4ST,Samsung,Refrigerator,SBS,Active,,admin,01/08/2026
WFQY8014EVJM,Hisense,Washing machine,Front Load,Active,,admin,01/08/2026
MR-FC38ES.SSL,Mitsu Elec,Refrigerator,!n/a,Active,,admin,01/08/2026
WSRB1213UB,Hisense,Washing machine,Twin Tub,Active,,admin,01/08/2026
TW-T21BU95UWT(WW),Toshiba,Washing machine,Front Load,Active,,admin,01/08/2026
LTL H3MVWO,HITACHI,Washing machine,Top Load,Active,,admin,01/08/2026
RS62R50012C,Samsung,Refrigerator,SBS,Active,,admin,01/08/2026
LTL H3MVWOT CG,HITACHI,Washing machine,Top Load,Active,,admin,01/08/2026
TW-T25BZP140MWT,Toshiba,Washing machine,Top Load,Active,,admin,01/08/2026
WT10XCFLG,TCL,Washing machine,Top Load,Active,,admin,01/08/2026
TW-T37BZP115MWT,Toshiba,Washing machine,Front Load,Active,,admin,01/08/2026
HWD-B30000,HITACHI,Water dispenser,Hot/Cold,Active,,admin,01/08/2026
TW-T37BZP155MWT(WT),Toshiba,Washing machine,Front Load,Active,,admin,01/08/2026
QA75Q8F5AKXXT,Samsung,Television,QLED,Active,,admin,01/08/2026
RS62R5001B9,Samsung,Refrigerator,SBS,Active,,admin,01/08/2026
WT12XCWDG,TCL,Washing machine,Top Load,Active,,admin,01/08/2026
TX2522AT7G,LG,Washing machine,Top Load,Active,,admin,01/08/2026
WT1410NHEN,LG,Washing machine,Wash & Dry,Active,,admin,01/08/2026
RS64R5131B4,Samsung,Refrigerator,SBS,Active,,admin,01/08/2026
WT141TLG,TCL,Washing machine,Top Load,Active,,admin,01/08/2026
TX2725AT9G,LG,Washing machine,Top Load,Active,,admin,01/08/2026
RV510OPD,HITACHI,Refrigerator,2 Door,Active,,admin,01/08/2026
UA32H5000,Samsung,Television,UHD,Active,,admin,01/08/2026
RVG550PDX,HITACHI,Refrigerator,2 Door,Active,,admin,01/08/2026
UA32N4003AKXXT,Samsung,Television,UHD,Active,,admin,01/08/2026
WT161T,TCL,Washing machine,Top Load,Active,,admin,01/08/2026
UA32T4202AKXXT,Samsung,Television,UHD,Active,,admin,01/08/2026
WT173FTLG,TCL,Washing machine,Top Load,Active,,admin,01/08/2026
UA43F6000FKXXT,Samsung,Television,UHD,Active,,admin,01/08/2026
WT18ET,TCL,Washing machine,Top Load,Active,,admin,01/08/2026
UA43M75HAKXXT,Samsung,Television,UHD,Active,,admin,01/08/2026
RWB640PTH1,HITACHI,Refrigerator,!n/a,Active,,admin,01/08/2026
UA43U6000FKXXT,Samsung,Television,UHD,Active,,admin,01/08/2026
RWB640VFGMG,HITACHI,Refrigerator,!n/a,Active,,admin,01/08/2026
MR-FC38EY,Mitsu Elec,Refrigerator,2 Door,Active,,admin,01/08/2026
WT5T2015DT,Hisense,Washing machine,Top Load,Active,,admin,01/08/2026
RS670N4TBN,Hisense,Refrigerator,SBS,Active,,admin,01/08/2026
RWF-IW2469B(W),Toshiba,Water dispenser,Hot/Cold/Ice,Active,,admin,01/08/2026
UA55DU7000KXXT,Samsung,Television,UHD,Active,,admin,01/08/2026
WTWH-48MFNTH,Toshiba,Water heater,WH,Active,,admin,01/08/2026
RS700N4TBN,Hisense,Refrigerator,SBS,Active,,admin,01/08/2026
RWF-W1664TK(W1),Toshiba,Water heater,WH,Active,,admin,01/08/2026
MR-FV22T/OB,Mitsu Elec,Refrigerator,2 Door,Active,,admin,01/08/2026
WW12BB944DGBST,Samsung,Washing machine,Top Load,Active,,admin,01/08/2026
UA65DU7000KXXT,Samsung,Television,UHD,Active,,admin,01/08/2026
WW12CGP44DSBST,Samsung,Washing machine,Top Load,Active,,admin,01/08/2026
LTL 12MVW0T DG,HITACHI,Washing machine,Top Load,Active,,admin,01/08/2026
WW13BB944DGHST,Samsung,Washing machine,Front Load,Active,,admin,01/08/2026
UA65Q7F4AKXXT,Samsung,Television,UHD,Active,,admin,01/08/2026
RWF-W1917TK(K),Toshiba,Water dispenser,Hot/Cold,Active,,admin,01/08/2026
RS70F65Q1BST,Samsung,Refrigerator,SBS,Active,,admin,01/08/2026
WW90FG3M05TWST,Samsung,Washing machine,Front Load,Active,,admin,01/08/2026
RS70F65Q2BST,Samsung,Refrigerator,SBS,Active,,admin,01/08/2026
LTL12MVWOT,HITACHI,Washing machine,Top Load,Active,,admin,01/08/2026
UA85DU8100KXXT,Samsung,Television,UHD,Active,,admin,01/08/2026
UA85U8000FKXXT,Samsung,Television,UHD,Active,,admin,01/08/2026
TD-BK110GHT(SK),Toshiba,Washing machine,Dryer,Active,,admin,01/08/2026
GR-RF665WIA (MD4),Toshiba,Refrigerator,Multi Door,Active,,admin,01/08/2026
HR1S5188MNBSLT,HITACHI,Refrigerator,1 Door,Active,,admin,01/08/2026
B452PGFQ,LG,Refrigerator,!n/a,Active,,admin,01/08/2026
EQE4900A-B,Electrolux,Refrigerator,Multi Door,Active,,admin,01/08/2026
43NU855BPSA,LG,Television,!n/a,Active,,admin,01/08/2026
EQE5660A-B,Electrolux,Refrigerator,Multi Door,Active,,admin,01/08/2026
GR-RS780WI,Toshiba,Refrigerator,SBS,Active,,admin,01/08/2026
ESE5100B-B,Electrolux,Refrigerator,SBS,Active,,admin,01/08/2026
BD-D802HVOW,HITACHI,Washing machine,Wash & Dry,Active,,admin,01/08/2026
ET195FTLG,TCL,Washing machine,Top Load,Active,,admin,01/08/2026
65P635,TCL,Television,!n/a,Active,,admin,01/08/2026
ETB2802J-A,Electrolux,Refrigerator,2 Door,Active,,admin,01/08/2026
AW-DUHN2000QT,Toshiba,Washing machine,Top Load,Active,,admin,01/08/2026
ETM2500A-B,Electrolux,Refrigerator,2 Door,Active,,admin,01/08/2026
GR-RF895WIA (MD4),Toshiba,Refrigerator,Multi Door,Active,,admin,01/08/2026
ETM3100L-B,Electrolux,Refrigerator,2 Door,Active,,admin,01/08/2026
B212PFNF,LG,Refrigerator,!n/a,Active,,admin,01/08/2026
ETM3400L-B,Electrolux,Refrigerator,2 Door,Active,,admin,01/08/2026
40E4Q,Hisense,Television,!n/a,Active,,admin,01/08/2026
ETM4302C-B,Electrolux,Refrigerator,2 Door,Active,,admin,01/08/2026
HES-38GS,HITACHI,Water heater,WH,Active,,admin,01/08/2026
ETM5002C-B,Electrolux,Refrigerator,2 Door,Active,,admin,01/08/2026
HRSN9552DDXT,HITACHI,Refrigerator,SBS,Active,,admin,01/08/2026
EUM0500AD-T,Electrolux,Refrigerator,1 Door,Active,,admin,01/08/2026
65P7L,TCL,Television,!n/a,Active,,admin,01/08/2026
EUM0930AD-T,Electrolux,Refrigerator,1 Door,Active,,admin,01/08/2026
AW-DUHN1800QT,Toshiba,Washing machine,Top Load,Active,,admin,01/08/2026
EWE351PX-DWX5,Electrolux,Water heater,WH,Active,,admin,01/08/2026
GR-RF610WE-PGT,Toshiba,Refrigerator,Multi Door,Active,,admin,01/08/2026
EWE351QX-W4,Electrolux,Water heater,WH,Active,,admin,01/08/2026
GR-RF690WI (MD4),Toshiba,Refrigerator,Multi Door,Active,,admin,01/08/2026
EWE381X1G6,Electrolux,Water heater,WH,Active,,admin,01/08/2026
43Q6Q,Hisense,Television,QLED,Active,,admin,01/08/2026
EWE451PX-DWX5,Electrolux,Water heater,WH,Active,,admin,01/08/2026
GR-RS910WI-PMTH,Toshiba,Refrigerator,SBS,Active,,admin,01/08/2026
EWE451QX-W4,Electrolux,Water heater,WH,Active,,admin,01/08/2026
GR-RT303WE-PM,Toshiba,Refrigerator,2 Door,Active,,admin,01/08/2026
EWE481RX1G6,Electrolux,Water heater,WH,Active,,admin,01/08/2026
GR-RT329WE-PMTH,Toshiba,Refrigerator,2 Door,Active,,admin,01/08/2026
50P7K,TCL,Television,!n/a,Active,,admin,01/08/2026
GR-RT535WEAMTH,Toshiba,Refrigerator,2 Door,Active,,admin,01/08/2026
EWF1024D3WC,Electrolux,Washing machine,Front Load,Active,,admin,01/08/2026
D382PQMB,LG,Refrigerator,!n/a,Active,,admin,01/08/2026
32LM550BPTA,LG,Television,!n/a,Active,,admin,01/08/2026
HES-48GS,HITACHI,Water heater,WH,Active,,admin,01/08/2026
EWF1143R7SC,Electrolux,Washing machine,Front Load,Active,,admin,01/08/2026
HRCJ7145MNWTH,HITACHI,Freezer,!n/a,Active,,admin,01/08/2026
EWF1342R7WO,Electrolux,Washing machine,Front Load,Active,,admin,01/08/2026
HRT6408SGBKYH,HITACHI,Refrigerator,2 Door,Active,,admin,01/08/2026
EWF1342R9SC,Electrolux,Washing machine,Front Load,Active,,admin,01/08/2026
EDH803J5WC,Electrolux,Washing machine,Dryer,Active,,admin,01/08/2026
EWF1343P5WC,Electrolux,Washing machine,Front Load,Active,,admin,01/08/2026
GR-D189SH/MS,Toshiba,Refrigerator,1 Door,Active,,admin,01/08/2026
EWF8024D3WB,Electrolux,Washing machine,Front Load,Active,,admin,01/08/2026
GR-J297WLBN,LG,Refrigerator,!n/a,Active,,admin,01/08/2026
EWF8024QD3W,Electrolux,Washing machine,Front Load,Active,,admin,01/08/2026
AW-DUHN1900QT,Toshiba,Washing machine,Top Load,Active,,admin,01/08/2026
EWF9023P5SC,Electrolux,Washing machine,Front Load,Active,,admin,01/08/2026
GR-RC390CE-DMT,Toshiba,Freezer,!n/a,Active,,admin,01/08/2026
65QNED86ASA,LG,Television,QLED,Active,,admin,01/08/2026
GR-RF611WI (MD4),Toshiba,Refrigerator,Multi Door,Active,,admin,01/08/2026
EWF9024D3WO,Electrolux,Washing machine,Front Load,Active,,admin,01/08/2026
GR-RF677WI-PGTH,LG,Refrigerator,Multi Door,Active,,admin,01/08/2026
EWF9042Q7WB,Electrolux,Washing machine,Front Load,Active,,admin,01/08/2026
GR-RF695WI (MD4),Toshiba,Refrigerator,Multi Door,Active,,admin,01/08/2026
EWW1023P5S,Electrolux,Washing machine,Wash & Dry,Active,,admin,01/08/2026
GR-RF900WI-PMTH,Toshiba,Refrigerator,Multi Door,Active,,admin,01/08/2026
50UA7350PSB,LG,Television,UHD,Active,,admin,01/08/2026
GR-RS755WIA SBS,Toshiba,Refrigerator,SBS,Active,,admin,01/08/2026
EWW1143R7SC,Electrolux,Washing machine,Front Load,Active,,admin,01/08/2026
12MVW0T GG,HITACHI,Washing machine,Top Load,Active,,admin,01/08/2026
EWW1342R9SC,Electrolux,Washing machine,Front Load,Active,,admin,01/08/2026
43UA7350,LG,Television,UHD,Active,,admin,01/08/2026
EWW1343P5S,Electrolux,Washing machine,Wash & Dry,Active,,admin,01/08/2026
GR-RT268WE-PMTH(68),Toshiba,Refrigerator,2 Door,Active,,admin,01/08/2026
43C350RP,Toshiba,Television,!n/a,Active,,admin,01/08/2026
GR-RT303WE-PMT(52),Toshiba,Refrigerator,2 Door,Active,,admin,01/08/2026
EWW8024E3W,Electrolux,Washing machine,Front Load,Active,,admin,01/08/2026
GR-RT329WE,Toshiba,Refrigerator,2 Door,Active,,admin,01/08/2026
EWW8024P3W,Electrolux,Washing machine,Wash & Dry,Active,,admin,01/08/2026
GR-RT349WE-PMTH(68),Toshiba,Refrigerator,2 Door,Active,,admin,01/08/2026
EWW8024P3WC,Electrolux,Washing machine,Wash & Dry,Active,,admin,01/08/2026
GR-RT535,Toshiba,Refrigerator,2 Door,Active,,admin,01/08/2026
65UA8450PSA,LG,Television,UHD,Active,,admin,01/08/2026
BD-B802HV0W,HITACHI,Washing machine,Wash & Dry,Active,,admin,01/08/2026
F119TMG,TCL,Refrigerator,2 Door,Active,,admin,01/08/2026
CG-B47MGAH,LG,Refrigerator,Multi Door,Active,,admin,01/08/2026
F201FTTW,TCL,Washing machine,Twin Tub,Active,,admin,01/08/2026
HES-38G BK,HITACHI,Water heater,WH,Active,,admin,01/08/2026
50US500AN,ACONATIC,Television,!n/a,Active,,admin,01/08/2026
HES-48G BK,HITACHI,Water heater,WH,Active,,admin,01/08/2026
F212TAWT,TCL,Washing machine,Twin Tub,Active,,admin,01/08/2026
HR1S5142MNPMBTH,HITACHI,Refrigerator,1 Door,Active,,admin,01/08/2026
65US2000AN,ACONATIC,Television,!n/a,Active,,admin,01/08/2026
65M450RP,Toshiba,Television,QLED,Active,,admin,01/08/2026
F2515RNEW,LG,Washing machine,Front Load,Active,,admin,01/08/2026
HRCJ9200MNWTH,HITACHI,Freezer,!n/a,Active,,admin,01/08/2026
F2515RTPW,LG,Washing machine,Front Load,Active,,admin,01/08/2026
HRSN9713ESUT,HITACHI,Refrigerator,SBS,Active,,admin,01/08/2026
65US210AN,ACONATIC,Television,!n/a,Active,,admin,01/08/2026
43UQ7050PSA,LG,Television,!n/a,Active,,admin,01/08/2026
F2515STPW,LG,Washing machine,Front Load,Active,,admin,01/08/2026
32D3400,TCL,Television,!n/a,Active,,admin,01/08/2026
F2725SVRB,LG,Washing machine,Front Load,Active,,admin,01/08/2026
65P7K,TCL,Television,QLED,Active,,admin,01/08/2026
F452PQAK,LG,Refrigerator,!n/a,Active,,admin,01/08/2026
55QNED86ASA,LG,Television,QLED,Active,,admin,01/08/2026
65US410AN,ACONATIC,Television,!n/a,Active,,admin,01/08/2026
AN-FR468,ACONATIC,Refrigerator,MINI BAR,Active,,admin,01/08/2026
32LQ630BPSA,LG,Television,!n/a,Active,,admin,01/08/2026
32HD511,ACONATIC,Television,!n/a,Active,,admin,01/08/2026
FB1208S5W,LG,Washing machine,Front Load,Active,,admin,01/08/2026
GR-R780WI-PGT,Toshiba,Refrigerator,SBS,Active,,admin,01/08/2026
FB1209S5M,LG,Washing machine,Front Load,Active,,admin,01/08/2026
GR-RC130CE-DMT,Toshiba,Freezer,!n/a,Active,,admin,01/08/2026
43HS410AN,ACONATIC,Television,!n/a,Active,,admin,01/08/2026
GR-RC259CE-DMT,Toshiba,Freezer,!n/a,Active,,admin,01/08/2026
F-C145TH1,HITACHI,Freezer,ตู้แช่ทึบ,Active,,admin,01/08/2026
GR-RC390CE 10.3,Toshiba,Freezer,!n/a,Active,,admin,01/08/2026
F-C316TH1,HITACHI,Freezer,ตู้แช่ทึบ,Active,,admin,01/08/2026
55U6K,Hisense,Television,!n/a,Active,,admin,01/08/2026
FLP611FLW,TCL,Washing machine,Top Load,Active,,admin,01/08/2026
GR-RF610WE-PMT (MD4),Toshiba,Refrigerator,Multi Door,Active,,admin,01/08/2026
65UT8050,LG,Television,!n/a,Active,,admin,01/08/2026
43P79B,TCL,Television,!n/a,Active,,admin,01/08/2026
FV1408S4W,LG,Washing machine,Front Load,Active,,admin,01/08/2026
GR-RF665WIA-PGTH(22),Toshiba,Refrigerator,Multi Door,Active,,admin,01/08/2026
43HS701AN,ACONATIC,Television,!n/a,Active,,admin,01/08/2026
GR-RF677WI-PGTH(22),Toshiba,Refrigerator,Multi Door,Active,,admin,01/08/2026
FV1410S3MA,LG,Washing machine,Front Load,Active,,admin,01/08/2026
55UA8450PSA,LG,Television,UHD,Active,,admin,01/08/2026
55C6K,TCL,Television,QLED,Active,,admin,01/08/2026
32SMU9000AN,ACONATIC,Television,!n/a,Active,,admin,01/08/2026
FV1411H2BA,LG,Washing machine,Wash & Dry,Active,,admin,01/08/2026
GR-RF895WIA-PGTH(22),Toshiba,Refrigerator,Multi Door,Active,,admin,01/08/2026
55M450RP,Toshiba,Television,QLED,Active,,admin,01/08/2026
AW-DUN1700M,Toshiba,Washing machine,Top Load,Active,,admin,01/08/2026
43NAND80AS,LG,Television,UHD,Active,,admin,01/08/2026
GR-RS611WI,Toshiba,Refrigerator,Multi Door,Active,,admin,01/08/2026
55NU855BPSA,LG,Television,!n/a,Active,,admin,01/08/2026
GR-RS755WIA-PGTH,Toshiba,Refrigerator,SBS,Active,,admin,01/08/2026
75P7K,TCL,Television,QLED,Active,,admin,01/08/2026
GR-RS780WI SBS,Toshiba,Refrigerator,SBS,Active,,admin,01/08/2026
75P7L,TCL,Television,!n/a,Active,,admin,01/08/2026
GR-RS780WI-PMT(06),Toshiba,Refrigerator,SBS,Active,,admin,01/08/2026
FV1450S2B,LG,Washing machine,Front Load,Active,,admin,01/08/2026
AW-M1100PT,Toshiba,Washing machine,Top Load,Active,,admin,01/08/2026
FWF-1141R9SB,Electrolux,Washing machine,Front Load,Active,,admin,01/08/2026
55US900AN,ACONATIC,Television,!n/a,Active,,admin,01/08/2026
FWF-1143R7SC,Electrolux,Washing machine,Front Load,Active,,admin,01/08/2026
B257KGHW,LG,Refrigerator,!n/a,Active,,admin,01/08/2026
75QNED80SRA,LG,Television,QLED,Active,,admin,01/08/2026
B257KLJW,LG,Refrigerator,!n/a,Active,,admin,01/08/2026
75QNED82ASA,LG,Television,QLED,Active,,admin,01/08/2026
GR-RT303WE-PMT,Toshiba,Refrigerator,2 Door,Active,,admin,01/08/2026
GC-B202MQBR,LG,Refrigerator,2 Door,Active,,admin,01/08/2026
B392PGFB,LG,Refrigerator,!n/a,Active,,admin,01/08/2026
GC-B202SQBB,LG,Refrigerator,2 Door,Active,,admin,01/08/2026
GR-RT325WE-PMT,Toshiba,Refrigerator,2 Door,Active,,admin,01/08/2026
GC-B257KLJW,LG,Refrigerator,SBS,Active,,admin,01/08/2026
GR-RT329WEPM,Toshiba,Refrigerator,2 Door,Active,,admin,01/08/2026
GC-B47FMGAH,LG,Refrigerator,!n/a,Active,,admin,01/08/2026
BD100XFVEADM,HITACHI,Washing machine,Front Load,Active,,admin,01/08/2026
GC-L257SFZW,LG,Refrigerator,!n/a,Active,,admin,01/08/2026
GR-RT412WE,Toshiba,Refrigerator,2 Door,Active,,admin,01/08/2026
GC-X257SOZW,LG,Refrigerator,SBS,Active,,admin,01/08/2026
40HD514AN,ACONATIC,Television,!n/a,Active,,admin,01/08/2026
75T6D,TCL,Television,QLED,Active,,admin,01/08/2026
65C645,TCL,Television,!n/a,Active,,admin,01/08/2026
43NAND81AS,LG,Television,UHD,Active,,admin,01/08/2026
GR-RT535WEA-PMTH,Toshiba,Refrigerator,2 Door,Active,,admin,01/08/2026
75US210AN,ACONATIC,Television,!n/a,Active,,admin,01/08/2026
65C655,TCL,Television,QLED,Active,,admin,01/08/2026
55P7K,TCL,Television,!n/a,Active,,admin,01/08/2026
GR-RT624WE-PGT(22),Toshiba,Refrigerator,2 Door,Active,,admin,01/08/2026
GN-B392PQGB,LG,Refrigerator,2 Door,Active,,admin,01/08/2026
GV-B212PGMB,LG,Refrigerator,2 Door,Active,,admin,01/08/2026
GN-B452PFF,LG,Refrigerator,!n/a,Active,,admin,01/08/2026
HES38G,HITACHI,Water heater,WH,Active,,admin,01/08/2026
55Q400M,TCL,Television,QLED,Active,,admin,01/08/2026
HES-38G WH,HITACHI,Water heater,WH,Active,,admin,01/08/2026
GN-B452PGFQ,LG,Refrigerator,!n/a,Active,,admin,01/08/2026
HES48G,HITACHI,Water heater,WH,Active,,admin,01/08/2026
GN-C602HQCM,LG,Refrigerator,!n/a,Active,,admin,01/08/2026
HES-48G WH,HITACHI,Water heater,WH,Active,,admin,01/08/2026
85C6K,TCL,Television,QLED,Active,,admin,01/08/2026
HR1S5141MNGTH,HITACHI,Refrigerator,1 Door,Active,,admin,01/08/2026
85P7L,TCL,Television,!n/a,Active,,admin,01/08/2026
DH105M3,Hisense,Washing machine,Dryer,Active,,admin,01/08/2026
85P8K,TCL,Television,QLED,Active,,admin,01/08/2026
HR1S5188MNPSVTH,HITACHI,Refrigerator,!n/a,Active,,admin,01/08/2026
GN-F392PXAK,LG,Refrigerator,2 Door,Active,,admin,01/08/2026
HRCJ11316MNWTH,HITACHI,Freezer,!n/a,Active,,admin,01/08/2026
GN-F452PQAK,LG,Refrigerator,!n/a,Active,,admin,01/08/2026
HRCJ9200MNETH,HITACHI,Freezer,ตู้แช่ทึบ,Active,,admin,01/08/2026
85Q6N,Hisense,Television,QLED,Active,,admin,01/08/2026
HRSN9552D0XTH,HITACHI,Refrigerator,!n/a,Active,,admin,01/08/2026
GN-X392PMGB,LG,Refrigerator,!n/a,Active,,admin,01/08/2026
HRSN9552DDXTH,HITACHI,Refrigerator,!n/a,Active,,admin,01/08/2026
85QS1000AN,ACONATIC,Television,!n/a,Active,,admin,01/08/2026
HRSN9713ESUTH,HITACHI,Refrigerator,!n/a,Active,,admin,01/08/2026
GN-Y331CLS,LG,Refrigerator,!n/a,Active,,admin,01/08/2026
HRTN5198,HITACHI,Refrigerator,!n/a,Active,,admin,01/08/2026
GN-Y331CQS,LG,Refrigerator,1 Door,Active,,admin,01/08/2026
32A3100,Hisense,Television,!n/a,Active,,admin,01/08/2026
86QNED80TSA,LG,Television,QLED,Active,,admin,01/08/2026
HRTN5255MFBBKTH,HITACHI,Refrigerator,!n/a,Active,,admin,01/08/2026
86QNED82ASA,LG,Television,QLED,Active,,admin,01/08/2026
HRTN5255MPSVTH,HITACHI,Refrigerator,!n/a,Active,,admin,01/08/2026
43NANO08ASA,LG,Television,UHD,Active,,admin,01/08/2026
EDH902R9SC,Electrolux,Washing machine,Dryer,Active,,admin,01/08/2026
GR-D149SH/MS,Toshiba,Refrigerator,1 Door,Active,,admin,01/08/2026
EDV754H3W,Electrolux,Washing machine,Top Load,Active,,admin,01/08/2026
GR-D187,Toshiba,Refrigerator,1 Door,Active,,admin,01/08/2026
43Nano80ASA,LG,Television,UHD,Active,,admin,01/08/2026
EWF9023P5WC,Electrolux,Washing machine,Front Load,Active,,admin,01/08/2026
WH-34,Sharp,Water heater,WH,Not active,,admin,01/08/2026
WH-HOTHOT,Sharp,Water heater,WH,Not active,,admin,01/08/2026
SONIQ WHITE,Mazuma,Water heater,WH,Not active,,admin,01/08/2026
ES-TW80W,Sharp,Washing machine,Twin Tub,Not active,,admin,01/08/2026
SCF-0465,SANDEN,Freezer,!n/a,Not active,,admin,01/08/2026
WTLI160S,BEKO,Washing machine,Top Load,Not active,,admin,01/08/2026
MDRC543G01TH,MIDEA,Freezer,!n/a,Not active,,admin,01/08/2026
WCV10759XMST,BEKO,Washing machine,Front Load,Not active,,admin,01/08/2026
SCF-0215,SANDEN,Freezer,!n/a,Not active,,admin,01/08/2026
55PQT8530,Philips (NANO),Television,!n/a,Not active,,admin,01/08/2026
WTLI120S,BEKO,Washing machine,Top Load,Not active,,admin,01/08/2026
65PQT8530,Philips (NANO),Television,QLED,Not active,,admin,01/08/2026
SCF-0115,SANDEN,Freezer,!n/a,Not active,,admin,01/08/2026
AI 350SD,RINNAI,Water heater,WH,Not active,,admin,01/08/2026
SME1100/2D,SANDEN,Freezer,!n/a,Not active,,admin,01/08/2026
ALL BLACK,Mazuma,Water heater,WH,Not active,,admin,01/08/2026
WCV8612XS0ST,BEKO,Washing machine,Front Load,Not active,,admin,01/08/2026
BCF-100A,MIDEA,Freezer,ตู้แช่ทึบ,Not active,,admin,01/08/2026
ICONIC BLACK 4.5,Mazuma,Water heater,WH,Not active,,admin,01/08/2026
BCF-150A,MIDEA,Freezer,ตู้แช่ทึบ,Not active,,admin,01/08/2026
ME530-B,MEX,Water heater,WH,Not active,,admin,01/08/2026
COCO,MEX,Water heater,WH,Not active,,admin,01/08/2026
SCF-0165,SANDEN,Freezer,!n/a,Not active,,admin,01/08/2026
COCO S35 (WH),MEX,Water heater,WH,Not active,,admin,01/08/2026
SCF-0615,SANDEN,Freezer,!n/a,Not active,,admin,01/08/2026
DA8112RX0W,BEKO,Washing machine,Dryer,Not active,,admin,01/08/2026
32PQT6600,Philips (NANO),Television,QLED,Not active,,admin,01/08/2026
DE 35 E,STIEBEL,Water heater,WH,Not active,,admin,01/08/2026
WCV127P4DW,BEKO,Washing machine,Front Load,Not active,,admin,01/08/2026
ENRICH 3.5,Mazuma,Water heater,WH,Not active,,admin,01/08/2026
WH-B55,Sharp,Water heater,WH,Not active,,admin,01/08/2026
ES-TW150BK,Sharp,Washing machine,Twin Tub,Not active,,admin,01/08/2026
WTLD170D,BEKO,Washing machine,Top Load,Not active,,admin,01/08/2026
MD-RS710FGE30TH,MIDEA,Refrigerator,!n/a,Not active,,admin,01/08/2026
TEKA WINE CELLAR 110 BOTTLES RVF-20110GBK,TEKA,Freezer,!n/a,Not active,,admin,01/08/2026
43PQT6600,Philips (NANO),Television,QLED,Not active,,admin,01/08/2026
BASIC 1 D,MR.CHILL ,Freezer,ตู้แช่ตั้ง,Not active,,admin,01/08/2026
WH-X HOT6,Sharp,Water heater,WH,Not active,,admin,01/08/2026
BASIC 4 D,MR.CHILL ,Freezer,ตู้แช่ตั้ง,Not active,,admin,01/08/2026
OEM1805,SANDEN,Freezer,!n/a,Not active,,admin,01/08/2026
50PQT8530,Philips (NANO),Television,!n/a,Not active,,admin,01/08/2026
SJ-XP230T-PK,Sharp,Refrigerator,2 Door,Not active,,admin,01/08/2026
BCF150A,MIDEA,Freezer,!n/a,Not active,,admin,01/08/2026
B3RDNT445I10HFSK,BEKO,Refrigerator,!n/a,Not active,,admin,01/08/2026
50PUT7029,Philips (NANO),Television,!n/a,Not active,,admin,01/08/2026
LISA238CF,THE COOL,Freezer,ตู้แช่ตั้ง,Not active,,admin,01/08/2026
BCF200A,MIDEA,Freezer,!n/a,Not active,,admin,01/08/2026
MT100W140,MIDEA,Washing machine,Twin Tub,Not active,,admin,01/08/2026
BCF-200A,MIDEA,Freezer,!n/a,Not active,,admin,01/08/2026
RDNT371I40VHFSK,BEKO,Refrigerator,!n/a,Not active,,admin,01/08/2026
BCF-300A,MIDEA,Freezer,!n/a,Not active,,admin,01/08/2026
SJ-D15S-SL,Sharp,Refrigerator,!n/a,Not active,,admin,01/08/2026
BFC100A,MIDEA,Freezer,!n/a,Not active,,admin,01/08/2026
SNB-0335,SANDEN,Freezer,!n/a,Not active,,admin,01/08/2026
BLACK BASIC 2D,MR.CHILL ,Freezer,ตู้แช่ตั้ง,Not active,,admin,01/08/2026
VT-18A/ST,VICTOR,Water dispenser,Cold,Not active,,admin,01/08/2026
BLACK BASIC 3D,MR.CHILL ,Freezer,ตู้แช่ตั้ง,Not active,,admin,01/08/2026
WHITE BASIC 2D,MR.CHILL ,Freezer,ตู้แช่ตั้ง,Not active,,admin,01/08/2026
BWI35S1N-213,BEKO,Water heater,WH,Not active,,admin,01/08/2026
IONIQ 4.5W,Mazuma,Water heater,WH,Not active,,admin,01/08/2026
BWI35S2N-211,BEKO,Water heater,WH,Not active,,admin,01/08/2026
MA512W150D,MIDEA,Washing machine,Top Load,Not active,,admin,01/08/2026
BWI35S3N-221,BEKO,Water heater,WH,Not active,,admin,01/08/2026
ME317-T,MEX,Water dispenser,Hot/Cold,Not active,,admin,01/08/2026
BWI40MNG,BEKO,Water heater,WH,Not active,,admin,01/08/2026
MWH-45MANTH(W)-WS,MIDEA,Water heater,WH,Not active,,admin,01/08/2026
BWI45S1N-213,BEKO,Water heater,WH,Not active,,admin,01/08/2026
RDNT200I50HFK,BEKO,Refrigerator,!n/a,Not active,,admin,01/08/2026
BWI45S2N-211,BEKO,Water heater,WH,Not active,,admin,01/08/2026
RDNT401I50VS,BEKO,Refrigerator,!n/a,Not active,,admin,01/08/2026
BWI45S3N-222,BEKO,Water heater,WH,Not active,,admin,01/08/2026
AQC 35E,STIEBEL,Water heater,WH,Not active,,admin,01/08/2026
BWI50MNG,BEKO,Water heater,WH,Not active,,admin,01/08/2026
SJ-SBS600P-DK,Sharp,Refrigerator,!n/a,Not active,,admin,01/08/2026
BWI60MNG,BEKO,Water heater,WH,Not active,,admin,01/08/2026
AQC 45E,STIEBEL,Water heater,WH,Not active,,admin,01/08/2026
CCF142,CHIQ,Freezer,!n/a,Not active,,admin,01/08/2026
SPB-0500,SANDEN,Freezer,!n/a,Not active,,admin,01/08/2026
CCF199,CHIQ,Freezer,!n/a,Not active,,admin,01/08/2026
TNP WH HALO45G,TECNO,Water heater,WH,Not active,,admin,01/08/2026
CCF99,CHIQ,Freezer,!n/a,Not active,,admin,01/08/2026
VT-279K,VICTOR,Water dispenser,Hot/Cold,Not active,,admin,01/08/2026
CENTRI 6R,MEX,Water heater,WH,Not active,,admin,01/08/2026
WH-245M,Sharp,Water heater,WH,Not active,,admin,01/08/2026
CENTRI 6R (MB),MEX,Water heater,WH,Not active,,admin,01/08/2026
WH-MD238GY,Sharp,Water heater,WH,Not active,,admin,01/08/2026
CF146WT,BEKO,Freezer,!n/a,Not active,,admin,01/08/2026
WS45E,STIEBEL,Water heater,WH,Not active,,admin,01/08/2026
CF201WT,BEKO,Freezer,!n/a,Not active,,admin,01/08/2026
LIGHT150,THE COOL,Freezer,ตู้แช่เบียร,Not active,,admin,01/08/2026
CF316WT,BEKO,Freezer,!n/a,Not active,,admin,01/08/2026
LTV-3202,Philips (NANO),Television,!n/a,Not active,,admin,01/08/2026
CF380WT,BEKO,Freezer,!n/a,Not active,,admin,01/08/2026
MDRC677GO1TH,MIDEA,Freezer,!n/a,Not active,,admin,01/08/2026
50Q1000,Philips (NANO),Television,!n/a,Not active,,admin,01/08/2026
MDRT346MTB30,MIDEA,Refrigerator,2 Door,Not active,,admin,01/08/2026
COCO 450 (MLB),MEX,Water heater,WH,Not active,,admin,01/08/2026
ME607-B,MEX,Water dispenser,Hot/Cold,Not active,,admin,01/08/2026
COCO 450 (MRB),MEX,Water heater,WH,Not active,,admin,01/08/2026
MWH-38MANTH(W)-WS,MIDEA,Water heater,WH,Not active,,admin,01/08/2026
55PQT8169,Philips (NANO),Television,!n/a,Not active,,admin,01/08/2026
MWH-55EATH(W),MIDEA,Water heater,WH,Not active,,admin,01/08/2026
COCO S45 (WH),MEX,Water heater,WH,Not active,,admin,01/08/2026
PRIMA4.5W,Mazuma,Water heater,WH,Not active,,admin,01/08/2026
COCO350 (SBB),MEX,Water heater,WH,Not active,,admin,01/08/2026
RDNT252I50HFK,BEKO,Refrigerator,!n/a,Not active,,admin,01/08/2026
COCO350(MRB),MEX,Water heater,WH,Not active,,admin,01/08/2026
RDNT401E40VZHFSGB,BEKO,Refrigerator,!n/a,Not active,,admin,01/08/2026
COCO450(MRB),MEX,Water heater,WH,Not active,,admin,01/08/2026
SB-29S,Sharp,Water heater,WH,Not active,,admin,01/08/2026
COCO450(SBB),MEX,Water heater,WH,Not active,,admin,01/08/2026
SCF-0365,SANDEN,Freezer,!n/a,Not active,,admin,01/08/2026
COCOS35(MB),MEX,Water heater,WH,Not active,,admin,01/08/2026
SFH-0870,SANDEN,Freezer,!n/a,Not active,,admin,01/08/2026
COCOS45(MB),MEX,Water heater,WH,Not active,,admin,01/08/2026
SJ-FX57TP-SL,Sharp,Refrigerator,!n/a,Not active,,admin,01/08/2026
CODE 5E,MEX,Water heater,WH,Not active,,admin,01/08/2026
SJ-X410GP-BK,Sharp,Refrigerator,!n/a,Not active,,admin,01/08/2026
CODE35E(CB),MEX,Water heater,WH,Not active,,admin,01/08/2026
SJ-XP330TP-DK,Sharp,Refrigerator,!n/a,Not active,,admin,01/08/2026
CRAVE 35E,MEX,Water heater,WH,Not active,,admin,01/08/2026
SMI-290,SANDEN,Freezer,!n/a,Not active,,admin,01/08/2026
CRAVE 45E,MEX,Water heater,WH,Not active,,admin,01/08/2026
AQC35E,STIEBEL,Water heater,WH,Not active,,admin,01/08/2026
CSR46DB,CHIQ,Refrigerator,!n/a,Not active,,admin,01/08/2026
T13500W,Mazuma,Water heater,WH,Not active,,admin,01/08/2026
CSR92DS,CHIQ,Refrigerator,!n/a,Not active,,admin,01/08/2026
TI4500W,Mazuma,Water heater,WH,Not active,,admin,01/08/2026
CTM138LS,CHIQ,Refrigerator,!n/a,Not active,,admin,01/08/2026
TNP WH PURE45W,TECNO,Water heater,WH,Not active,,admin,01/08/2026
CTM200NS,CHIQ,Refrigerator,!n/a,Not active,,admin,01/08/2026
VT-236B,VICTOR,Water dispenser,Hot/Cold,Not active,,admin,01/08/2026
CUBE6000R,MEX,Water heater,WH,Not active,,admin,01/08/2026
AQC45E,STIEBEL,Water heater,WH,Not active,,admin,01/08/2026
DA 4500,Mazuma,Water heater,WH,Not active,,admin,01/08/2026
WCV9649XWST,BEKO,Washing machine,Front Load,Not active,,admin,01/08/2026
DA SLB WHITE 3.5,Mazuma,Water heater,WH,Not active,,admin,01/08/2026
B3RDNT445I40VHFSUBL,BEKO,Refrigerator,!n/a,Not active,,admin,01/08/2026
DA3500W,Mazuma,Water heater,WH,Not active,,admin,01/08/2026
WH-MD135WH,Sharp,Water heater,WH,Not active,,admin,01/08/2026
DA4500W,Mazuma,Water heater,WH,Not active,,admin,01/08/2026
WH-MD245WH,Sharp,Water heater,WH,Not active,,admin,01/08/2026
43AY2026,Xiaomi,Television,!n/a,Not active,,admin,01/08/2026
WS 55E-2,STIEBEL,Water heater,WH,Not active,,admin,01/08/2026
DA8112RXOW,BEKO,Washing machine,Dryer,Not active,,admin,01/08/2026
ICONIC WHITE 4.5,Mazuma,Water heater,WH,Not active,,admin,01/08/2026
DA9112RXOW,BEKO,Washing machine,Dryer,Not active,,admin,01/08/2026
IONIQ 5.5W,Mazuma,Water heater,WH,Not active,,admin,01/08/2026
DDH6EC,STIEBEL,Water heater,WH,Not active,,admin,01/08/2026
LIGHT300,THE COOL,Freezer,ตู้แช่เบียร,Not active,,admin,01/08/2026
DDH8EC,STIEBEL,Water heater,WH,Not active,,admin,01/08/2026
LISA288CF,THE COOL,Freezer,ตู้แช่ตั้ง,Not active,,admin,01/08/2026
DDP6EC,STIEBEL,Water heater,WH,Not active,,admin,01/08/2026
MA200W130,MIDEA,Washing machine,Top Load,Not active,,admin,01/08/2026
DE 35 Black,STIEBEL,Water heater,WH,Not active,,admin,01/08/2026
AI 450SD,RINNAI,Water heater,WH,Not active,,admin,01/08/2026
55Q1000 ADR,Philips (NANO),Television,!n/a,Not active,,admin,01/08/2026
MD-RF550FGF30TH,MIDEA,Refrigerator,!n/a,Not active,,admin,01/08/2026
DE 35E,STIEBEL,Water heater,WH,Not active,,admin,01/08/2026
MDRT134FGG50TH,MIDEA,Refrigerator,!n/a,Not active,,admin,01/08/2026
DE 45 Black,STIEBEL,Water heater,WH,Not active,,admin,01/08/2026
MDRT572EVF30TH,MIDEA,Refrigerator,2 Door,Not active,,admin,01/08/2026
DE 45 E,STIEBEL,Water heater,WH,Not active,,admin,01/08/2026
ALEX2P PREMIUM-M,THE COOL,Freezer,ตู้แช่ตั้ง,Not active,,admin,01/08/2026
DE 45E,STIEBEL,Water heater,WH,Not active,,admin,01/08/2026
MINI 2 D,MR.CHILL ,Freezer,ตู้แช่ตั้ง,Not active,,admin,01/08/2026
DE35E,STIEBEL,Water heater,WH,Not active,,admin,01/08/2026
MT100W180,MIDEA,Washing machine,!n/a,Not active,,admin,01/08/2026
DE45E,STIEBEL,Water heater,WH,Not active,,admin,01/08/2026
MWH-38QTH(W),MIDEA,Water heater,WH,Not active,,admin,01/08/2026
DENKI600MP,RINNAI,Water heater,WH,Not active,,admin,01/08/2026
MWH-45QTH(W),MIDEA,Water heater,WH,Not active,,admin,01/08/2026
DP-522HC,Mazuma,Water dispenser,Hot/Cold,Not active,,admin,01/08/2026
OEM-1205,SANDEN,Freezer,!n/a,Not active,,admin,01/08/2026
DP-639HC,Mazuma,Water heater,WH,Not active,,admin,01/08/2026
POWER4,Mazuma,Water heater,WH,Not active,,admin,01/08/2026
DP-690,Mazuma,Water dispenser,Hot/Cold,Not active,,admin,01/08/2026
RCNT415I50VHFK,BEKO,Refrigerator,!n/a,Not active,,admin,01/08/2026
DP-890,Mazuma,Water dispenser,Hot/Cold,Not active,,admin,01/08/2026
RDNT231I50K,BEKO,Refrigerator,!n/a,Not active,,admin,01/08/2026
DP-890UV,Mazuma,Water dispenser,Hot/Cold,Not active,,admin,01/08/2026
RDNT371I10HFSK,BEKO,Refrigerator,!n/a,Not active,,admin,01/08/2026
DS45EC,STIEBEL,Water heater,WH,Not active,,admin,01/08/2026
RDNT371I50S,BEKO,Refrigerator,!n/a,Not active,,admin,01/08/2026
DSK38Q,MIDEA,Water heater,WH,Not active,,admin,01/08/2026
RDNT401I40VK,BEKO,Refrigerator,!n/a,Not active,,admin,01/08/2026
DSK45Q,MIDEA,Water heater,WH,Not active,,admin,01/08/2026
RS4020P,BEKO,Refrigerator,!n/a,Not active,,admin,01/08/2026
DUAL A10,THE COOL,Freezer,ตู้แช่ทึบ,Not active,,admin,01/08/2026
ALEX3PJUMBOPEMIUM-M,THE COOL,Freezer,ตู้แช่ตั้ง,Not active,,admin,01/08/2026
DUAL A5.3,THE COOL,Freezer,ตู้แช่ทึบ,Not active,,admin,01/08/2026
ALPHA 2 P PREMIUM SWB,THE COOL,Freezer,ตู้แช่ตั้ง,Not active,,admin,01/08/2026
DUAL A7,THE COOL,Freezer,ตู้แช่ทึบ,Not active,,admin,01/08/2026
32PHT5019 DTV,Philips (NANO),Television,!n/a,Not active,,admin,01/08/2026
DUAL X18,THE COOL,Freezer,ตู้แช่ทึบ,Not active,,admin,01/08/2026
SENTO450S,RINNAI,Water heater,WH,Not active,,admin,01/08/2026
DX4500 EL,Mazuma,Water heater,WH,Not active,,admin,01/08/2026
SJ-C20E-DK,Sharp,Refrigerator,2 Door,Not active,,admin,01/08/2026
ECO350,RINNAI,Water heater,WH,Not active,,admin,01/08/2026
SJ-F15ST-DK,Sharp,Refrigerator,!n/a,Not active,,admin,01/08/2026
43PFT5200,Philips (NANO),Television,!n/a,Not active,,admin,01/08/2026
SJ-S150XT-SL,Sharp,Refrigerator,1 Door,Not active,,admin,01/08/2026
ENRICH 4.5,Mazuma,Water heater,WH,Not active,,admin,01/08/2026
SJ-X380T-DS,Sharp,Refrigerator,!n/a,Not active,,admin,01/08/2026
ES-FH8BT-W,Sharp,Washing machine,Top Load,Not active,,admin,01/08/2026
SJ-XP230T-DK,Sharp,Refrigerator,!n/a,Not active,,admin,01/08/2026
ES-TW1100BK,Sharp,Washing machine,Twin Tub,Not active,,admin,01/08/2026
SJ-XP300TP,Sharp,Refrigerator,2 Door,Not active,,admin,01/08/2026
ES-TW130BK,Sharp,Washing machine,Twin Tub,Not active,,admin,01/08/2026
SJ-Y24T-DK,Sharp,Refrigerator,2 Door,Not active,,admin,01/08/2026
AI 3500W,RINNAI,Water heater,WH,Not active,,admin,01/08/2026
SMI-1200,SANDEN,Freezer,!n/a,Not active,,admin,01/08/2026
ES-TW200BL,Sharp,Washing machine,Twin Tub,Not active,,admin,01/08/2026
SMI-800,SANDEN,Freezer,!n/a,Not active,,admin,01/08/2026
32PHT5019,Philips (NANO),Television,!n/a,Not active,,admin,01/08/2026
SNQ-0205P,SANDEN,Freezer,!n/a,Not active,,admin,01/08/2026
ES-W12N-GY,Sharp,Washing machine,Top Load,Not active,,admin,01/08/2026
SPB-0300,SANDEN,Freezer,!n/a,Not active,,admin,01/08/2026
ES-WJX16-GY,Sharp,Washing machine,Top Load,Not active,,admin,01/08/2026
SSA-0215,SANDEN,Freezer,!n/a,Not active,,admin,01/08/2026
FCG-151,FRESHER,Freezer,!n/a,Not active,,admin,01/08/2026
TANK4.5,Mazuma,Water heater,WH,Not active,,admin,01/08/2026
FF-150KE,FRESHER,Freezer,!n/a,Not active,,admin,01/08/2026
TEKA WINE RV 51C BK,TEKA,Freezer,!n/a,Not active,,admin,01/08/2026
FF-152SB,FRESHER,Freezer,!n/a,Not active,,admin,01/08/2026
TNP WH HALO38W,TECNO,Water heater,WH,Not active,,admin,01/08/2026
FF-156WG,FRESHER,Freezer,!n/a,Not active,,admin,01/08/2026
TNP WH PURE38W,TECNO,Water heater,WH,Not active,,admin,01/08/2026
FF-192SB,FRESHER,Freezer,!n/a,Not active,,admin,01/08/2026
VT-137,VICTOR,Water dispenser,Cold,Not active,,admin,01/08/2026
43PFT52002,Philips (NANO),Television,!n/a,Not active,,admin,01/08/2026
VT-2335R,VICTOR,Water dispenser,Hot/Cold,Not active,,admin,01/08/2026
WTT130W,BEKO,Washing machine,!n/a,Not active,,admin,01/08/2026
VT-2374,VICTOR,Water dispenser,Hot/Cold,Not active,,admin,01/08/2026
WS55E-2,STIEBEL,Water heater,WH,Not active,,admin,01/08/2026
WCV10614XB0STW,BEKO,Washing machine,Front Load,Not active,,admin,01/08/2026
40Q1000 ADR,Philips (NANO),Television,!n/a,Not active,,admin,01/08/2026
AQE45E,STIEBEL,Water heater,WH,Not active,,admin,01/08/2026
XG48EC,STIEBEL,Water heater,WH,Not active,,admin,01/08/2026
WCV9614XBOSTW,BEKO,Washing machine,Front Load,Not active,,admin,01/08/2026
YL1536S,MIDEA,Water dispenser,Hot/Cold,Not active,,admin,01/08/2026
WDW1177P1W,BEKO,Washing machine,Wash & Dry,Not active,,admin,01/08/2026
YL1732S-W-ZT,MIDEA,Water dispenser,Hot/Cold,Not active,,admin,01/08/2026
32S55 DTV,IFFALCON,Television,!n/a,Not active,,admin,01/08/2026
YL932S,MIDEA,Water dispenser,Hot/Cold,Not active,,admin,01/08/2026
40Q1000,Philips (NANO),Television,!n/a,Not active,,admin,01/08/2026
เครื่องทำน้ำร้อนด้วยแก๊ส LPG-10-5C,Mazuma,Water heater,WH,Not active,,admin,01/08/2026
WH-MD135GY,Sharp,Water heater,WH,Not active,,admin,01/08/2026
FS-220WE,FRESHER,Freezer,!n/a,Not active,,admin,01/08/2026
WH-MD238 3800W,Sharp,Water heater,WH,Not active,,admin,01/08/2026
FS-240W,FRESHER,Freezer,!n/a,Not active,,admin,01/08/2026
WH-MD245 4500W,Sharp,Water heater,WH,Not active,,admin,01/08/2026
FS-420B,FRESHER,Freezer,!n/a,Not active,,admin,01/08/2026
WH-MMD16,Sharp,Water heater,WH,Not active,,admin,01/08/2026
GNO46624HFSK,BEKO,Refrigerator,!n/a,Not active,,admin,01/08/2026
WS 45E-2,STIEBEL,Water heater,WH,Not active,,admin,01/08/2026
GNO472E40XPTH,BEKO,Refrigerator,!n/a,Not active,,admin,01/08/2026
WS35E-2,STIEBEL,Water heater,WH,Not active,,admin,01/08/2026
ICONIC 5.5 RAIN SHOWER,Mazuma,Water heater,WH,Not active,,admin,01/08/2026
B3T4229W 10KG HP,BEKO,Washing machine,Dryer,Not active,,admin,01/08/2026
AI 4500W,RINNAI,Water heater,WH,Not active,,admin,01/08/2026
WTTA1103WT,BEKO,Washing machine,Twin Tub,Not active,,admin,01/08/2026
XG 48EC,STIEBEL,Water heater,WH,Not active,,admin,01/08/2026
FF-200KE,FRESHER,Freezer,!n/a,Not active,,admin,01/08/2026
WTT180W,BEKO,Washing machine,Twin Tub,Not active,,admin,01/08/2026
FF-215X,FRESHER,Freezer,!n/a,Not active,,admin,01/08/2026
WTTA1303WT,BEKO,Washing machine,Twin Tub,Not active,,admin,01/08/2026
FF-250KE,FRESHER,Freezer,!n/a,Not active,,admin,01/08/2026
XG38EC,STIEBEL,Water heater,WH,Not active,,admin,01/08/2026
FF-290IVT,FRESHER,Freezer,!n/a,Not active,,admin,01/08/2026
YEM-1105I,SANDEN,Freezer,!n/a,Not active,,admin,01/08/2026
FF-355DI,FRESHER,Freezer,!n/a,Not active,,admin,01/08/2026
YL-1673S-W,MIDEA,Water dispenser,Hot/Cold,Not active,,admin,01/08/2026
FR-2DJWV2,FRESHER,Freezer,!n/a,Not active,,admin,01/08/2026
YL1844S,MIDEA,Water dispenser,Hot/Cold,Not active,,admin,01/08/2026
FR-2DWV2,FRESHER,Freezer,!n/a,Not active,,admin,01/08/2026
เครื่องทำน้ำร้อน Power 36.0 W,Mazuma,Water heater,WH,Not active,,admin,01/08/2026
FR-3DJWV2,FRESHER,Freezer,!n/a,Not active,,admin,01/08/2026
32NST8800 ADR,Philips (NANO),Television,!n/a,Not active,,admin,01/08/2026
FRESHER WINE CELLAR 180 BOTTLES SW-180B,TEKA,Freezer,!n/a,Not active,,admin,01/08/2026
SC-240BC,Haier,FZ,Beverage,Active,,admin,01/08/2026
SC-340BC-V3,Haier,FZ,Beverage,Active,,admin,01/08/2026
SC-763BC2,Haier,FZ,Beverage,Active,,admin,01/08/2026
SC-2100PCS3-V3,Haier,FZ,Beverage,Active,,admin,01/08/2026
SC-180VC3,Haier,FZ,Beverage,Active,,admin,01/08/2026
HCF-LF108,Haier,FZ,Chest,Active,,admin,01/08/2026
HCF-200DP60,Haier,FZ,Chest,Active,,admin,01/08/2026
HCF-905M,Haier,FZ,Chest,Active,,admin,01/08/2026
HCF-200HM2,Haier,FZ,Chest,Active,,admin,01/08/2026
HCF-478C,Haier,FZ,Chest,Active,,admin,01/08/2026
BD-272,Haier,FZ,Vertical,Active,,admin,01/08/2026
HWD100-BD14756,Haier,WM,FL Wash&Dry,Active,,admin,01/08/2026
HW70-BP10829,Haier,WM,Front Load,Active,,admin,01/08/2026
HW80-BP12929,Haier,WM,Front Load,Active,,admin,01/08/2026
HW100-B14876,Haier,WM,Front Load,Active,,admin,01/08/2026
HW100-BP10HBI,Haier,WM,Front Load,Active,,admin,01/08/2026
HWM100-1826T,Haier,WM,Top Load,Active,,admin,01/08/2026
HWM120-1826T,Haier,WM,Top Load,Active,,admin,01/08/2026
HWM140,Haier,WM,Top Load,Active,,admin,01/08/2026
HWM140-1701RS,Haier,WM,Top Load,Active,,admin,01/08/2026
HWM150-1701RS,Haier,WM,Top Load,Active,,admin,01/08/2026
HTW75OXSY,Haier,WM,Twin Tub,Active,,admin,01/08/2026
HWM-T85N2,Haier,WM,Twin Tub,Active,,admin,01/08/2026
HWM-T130N2,Haier,WM,Twin Tub,Active,,admin,01/08/2026
HWM-T140N2,Haier,WM,Twin Tub,Active,,admin,01/08/2026
HRF-MDM448 KS,Haier,RF,Multi Dr,Active,,admin,01/08/2026
HRF-SBS550 MS,Haier,RF,SBS,Active,,admin,01/08/2026
HRF-SBS600 GBR,Haier,RF,SBS,Active,,admin,01/08/2026
HRF-THM18NS,Haier,RF,2Dr,Active,,admin,01/08/2026
HRF-THM209I,Haier,RF,2Dr,Active,,admin,01/08/2026
HRF-THM20NS,Haier,RF,2Dr,Active,,admin,01/08/2026
HRF-TMB34I,Haier,RF,2Dr,Active,,admin,01/08/2026
HR-DMBX15 CS,Haier,RF,1Dr,Active,,admin,01/08/2026
HR-DMBX18,Haier,RF,1Dr,Active,,admin,01/08/2026
HRF-BM325MI,Haier,RF,BM,Active,,admin,01/08/2026
H50K7UG,Haier,TV,QLED,Active,,admin,01/08/2026
H65S6UG PRO,Haier,TV,QLED,Active,,admin,01/08/2026
H98S900UX,Haier,TV,QLED,Active,,admin,01/08/2026
H58K6UG,Haier,TV,UHD,Active,,admin,01/08/2026
LE58K6500UA,Haier,TV,UHD,Active,,admin,01/08/2026
H32K66G,Haier,TV,FHD,Active,,admin,01/08/2026
H32K66G PLUS,Haier,TV,FHD,Active,,admin,01/08/2026
LE32K6500A,Haier,TV,FHD,Active,,admin,01/08/2026
H40K66G,Haier,TV,FHD,Active,,admin,01/08/2026
LE40K6000,Haier,TV,FHD,Active,,admin,01/08/2026
LE42K8000,Haier,TV,FHD,Active,,admin,01/08/2026
LE42K8000A,Haier,TV,FHD,Active,,admin,01/08/2026
H43D6FG,Haier,TV,FHD,Active,,admin,01/08/2026
LE43B9600T,Haier,TV,FHD,Active,,admin,01/08/2026
EI45E(DG),Haier,WH,Digital,Active,,admin,01/08/2026
CE-09VPCT,Haier,AC,Inverter,Active,,admin,01/08/2026
HSU-09VNS03T,Haier,AC,Inverter,Active,,admin,01/08/2026
HSU-09VQEC03T,Haier,AC,Inverter,Active,,admin,01/08/2026
HSU-09VQEC05,Haier,AC,Inverter,Active,,admin,01/08/2026
HSU-09VQRA03T,Haier,AC,Inverter,Active,,admin,01/08/2026
HSU-09VQRC03T,Haier,AC,Inverter,Active,,admin,01/08/2026
HSU-09VRRA05,Haier,AC,Inverter,Active,,admin,01/08/2026
HSU-09VRWA05,Haier,AC,Inverter,Active,,admin,01/08/2026
HSU-09VRWA05SBF,Haier,AC,Inverter,Active,,admin,01/08/2026
HSU-09VTRA03T,Haier,AC,Inverter,Active,,admin,01/08/2026
HSU-10VFA03T,Haier,AC,Inverter,Active,,admin,01/08/2026
HSU-10VIP03T,Haier,AC,Inverter,Active,,admin,01/08/2026
HSU-10VNR03T,Haier,AC,Inverter,Active,,admin,01/08/2026
HSU-10VRRA03T,Haier,AC,Inverter,Active,,admin,01/08/2026
HSU-10VRWA03T,Haier,AC,Inverter,Active,,admin,01/08/2026
CE-12VPCT,Haier,AC,Inverter,Active,,admin,01/08/2026
HSU-12VNS03T,Haier,AC,Inverter,Active,,admin,01/08/2026
HSU-12VQEA03T,Haier,AC,Inverter,Active,,admin,01/08/2026
HSU-12VQEC03T,Haier,AC,Inverter,Active,,admin,01/08/2026
HSU-12VQEC05,Haier,AC,Inverter,Active,,admin,01/08/2026
HSU-12VQMC03,Haier,AC,Inverter,Active,,admin,01/08/2026
HSU-12VQRA03T,Haier,AC,Inverter,Active,,admin,01/08/2026
HSU-12VQRC03T,Haier,AC,Inverter,Active,,admin,01/08/2026
HSU-12VQRC05,Haier,AC,Inverter,Active,,admin,01/08/2026
HSU-12VRRA05,Haier,AC,Inverter,Active,,admin,01/08/2026
HSU-12VRRA05BF,Haier,AC,Inverter,Active,,admin,01/08/2026
HSU-12VRWA05BF,Haier,AC,Inverter,Active,,admin,01/08/2026
HSU-12VTBA03T,Haier,AC,Inverter,Active,,admin,01/08/2026
HSU-12VTRA03T,Haier,AC,Inverter,Active,,admin,01/08/2026
HSU-12VTRZ03T,Haier,AC,Inverter,Active,,admin,01/08/2026
HSU-13VFRA03T,Haier,AC,Inverter,Active,,admin,01/08/2026
HSU-13VIP03T,Haier,AC,Inverter,Active,,admin,01/08/2026
HSU-13VRRA03T,Haier,AC,Inverter,Active,,admin,01/08/2026
HSU-13VRSA05B,Haier,AC,Inverter,Active,,admin,01/08/2026
HSU-13VRSA05BBF,Haier,AC,Inverter,Active,,admin,01/08/2026
HSU-13VRSA05P,Haier,AC,Inverter,Active,,admin,01/08/2026
HSU-13VRSA05PBF,Haier,AC,Inverter,Active,,admin,01/08/2026
HSU-13VRSA05SBF,Haier,AC,Inverter,Active,,admin,01/08/2026
HSU-13VRSA05W,Haier,AC,Inverter,Active,,admin,01/08/2026
HSU-13VRSA05WBF,Haier,AC,Inverter,Active,,admin,01/08/2026
HSU-13VRWA03T,Haier,AC,Inverter,Active,,admin,01/08/2026
HSU-13VSWA03T,Haier,AC,Inverter,Active,,admin,01/08/2026
HSU-13VSWA03TBF,Haier,AC,Inverter,Active,,admin,01/08/2026
HSU-15VQRA03T,Haier,AC,Inverter,Active,,admin,01/08/2026
HSU-15VQRC03T,Haier,AC,Inverter,Active,,admin,01/08/2026
HSU-15VQRC05,Haier,AC,Inverter,Active,,admin,01/08/2026
HSU-18VNR03T(N),Haier,AC,Inverter,Active,,admin,01/08/2026
HSU-18VNS03T,Haier,AC,Inverter,Active,,admin,01/08/2026
HSU-18VQEC03T,Haier,AC,Inverter,Active,,admin,01/08/2026
HSU-18VQMC03,Haier,AC,Inverter,Active,,admin,01/08/2026
HSU-18VQRA03T,Haier,AC,Inverter,Active,,admin,01/08/2026
HSU-18VQRC03T,Haier,AC,Inverter,Active,,admin,01/08/2026
HSU-18VRRA03T,Haier,AC,Inverter,Active,,admin,01/08/2026
HSU-18VRSA05B,Haier,AC,Inverter,Active,,admin,01/08/2026
HSU-18VRSA05BBF,Haier,AC,Inverter,Active,,admin,01/08/2026
HSU-18VRSA05P,Haier,AC,Inverter,Active,,admin,01/08/2026
HSU-18VRSA05PBF,Haier,AC,Inverter,Active,,admin,01/08/2026
HSU-18VRSA05SBF,Haier,AC,Inverter,Active,,admin,01/08/2026
HSU-18VRSA05W,Haier,AC,Inverter,Active,,admin,01/08/2026
HSU-18VRWA03T,Haier,AC,Inverter,Active,,admin,01/08/2026
HSU-18VRWA05,Haier,AC,Inverter,Active,,admin,01/08/2026
HSU-18VRWA05BF,Haier,AC,Inverter,Active,,admin,01/08/2026
HSU-18VSWA03T,Haier,AC,Inverter,Active,,admin,01/08/2026
HSU-18VSWA03TBF,Haier,AC,Inverter,Active,,admin,01/08/2026
HSU-18VTRA03T,Haier,AC,Inverter,Active,,admin,01/08/2026
HSU-24VQRC03T,Haier,AC,Inverter,Active,,admin,01/08/2026
HSU-24VRRA03T,Haier,AC,Inverter,Active,,admin,01/08/2026
HSU-24VRRA05BF,Haier,AC,Inverter,Active,,admin,01/08/2026
HSU-24VRWA03T,Haier,AC,Inverter,Active,,admin,01/08/2026
HSU-24VRWA05BF,Haier,AC,Inverter,Active,,admin,01/08/2026
HSU-24VTRA03T,Haier,AC,Inverter,Active,,admin,01/08/2026
HSU-30VQAC03T,Haier,AC,Inverter,Active,,admin,01/08/2026
HSU-10CQAA03T,Haier,AC,Fix Speed,Active,,admin,01/08/2026
HSU-10CQRD03T,Haier,AC,Fix Speed,Active,,admin,01/08/2026
HSU-10CTC03T,Haier,AC,Fix Speed,Active,,admin,01/08/2026
HSU-12CQRB03T,Haier,AC,Fix Speed,Active,,admin,01/08/2026
HSU-12CTB03T,Haier,AC,Fix Speed,Active,,admin,01/08/2026
HSU-13CQAA03T,Haier,AC,Fix Speed,Active,,admin,01/08/2026
HSU-13CQRD03T,Haier,AC,Fix Speed,Active,,admin,01/08/2026
HSU-13CTC03T(H),Haier,AC,Fix Speed,Active,,admin,01/08/2026
HSU-13CTR03T,Haier,AC,Fix Speed,Active,,admin,01/08/2026
HSU-18CQRA03T,Haier,AC,Fix Speed,Active,,admin,01/08/2026
HSU-18CQRB03T,Haier,AC,Fix Speed,Active,,admin,01/08/2026
HSU-18CQRD03T(PIPE_IN),Haier,AC,Fix Speed,Active,,admin,01/08/2026
HSU-18CTB03T,Haier,AC,Fix Speed,Active,,admin,01/08/2026
HSU-24CQAA03T,Haier,AC,Fix Speed,Active,,admin,01/08/2026
HSU-24CQRA03T,Haier,AC,Fix Speed,Active,,admin,01/08/2026
HSU-24CTB03T,Haier,AC,Fix Speed,Active,,admin,01/08/2026
HSU-24CTC03T(H),Haier,AC,Fix Speed,Active,,admin,01/08/2026
HPU-24FSE03T,Haier,AC,Floor Standing,Active,,admin,01/08/2026
LC-90,Haier,FZ,Wine,Active,,admin,01/08/2026
JC-116,Haier,FZ,Wine,Active,,admin,01/08/2026
TCFW-190U,Haier,FZ,Wine,Active,,admin,01/08/2026
JC-198,Haier,FZ,Wine,Active,,admin,01/08/2026
JC-360,Haier,FZ,Wine,Active,,admin,01/08/2026
JC-366DZ,Haier,FZ,Wine,Active,,admin,01/08/2026
SC-240BC-V3,Haier,FZ,Beverage,Active,,admin,01/08/2026
SC-310BC,Haier,FZ,Beverage,Active,,admin,01/08/2026
SC-340BC-V4,Haier,FZ,Beverage,Active,,admin,01/08/2026
SC-340BPC,Haier,FZ,Beverage,Active,,admin,01/08/2026
SC-340M,Haier,FZ,Beverage,Active,,admin,01/08/2026
SC-412BC-V2,Haier,FZ,Beverage,Active,,admin,01/08/2026
SC-412BPC,Haier,FZ,Beverage,Active,,admin,01/08/2026
SC-763BC3,Haier,FZ,Beverage,Active,,admin,01/08/2026
SC-768BPCS3,Haier,FZ,Beverage,Active,,admin,01/08/2026
SC-652BPC,Haier,FZ,Beverage,Active,,admin,01/08/2026
SC-781WSC,Haier,FZ,Beverage,Active,,admin,01/08/2026
SC-1700PCS2-V5,Haier,FZ,Beverage,Active,,admin,01/08/2026
SC-1065VC3,Haier,FZ,Beverage,Active,,admin,01/08/2026
SC-2100PCS3-V4,Haier,FZ,Beverage,Active,,admin,01/08/2026
SC-1080VC3,Haier,FZ,Beverage,Active,,admin,01/08/2026
SC-2600PCS3-V3,Haier,FZ,Beverage,Active,,admin,01/08/2026
BD-91,Haier,FZ,Chest,Active,,admin,01/08/2026
HCF-108C2,Haier,FZ,Chest,Active,,admin,01/08/2026
HCF-108P2,Haier,FZ,Chest,Active,,admin,01/08/2026
HCF-100HM,Haier,FZ,Chest,Active,,admin,01/08/2026
HCF-208C2,Haier,FZ,Chest,Active,,admin,01/08/2026
HCF-208P2,Haier,FZ,Chest,Active,,admin,01/08/2026
HCF-LF208,Haier,FZ,Chest,Active,,admin,01/08/2026
HCF-SB208,Haier,FZ,Chest,Active,,admin,01/08/2026
HCF-145HM,Haier,FZ,Chest,Active,,admin,01/08/2026
HCF-145HM2,Haier,FZ,Chest,Active,,admin,01/08/2026
HCF-228C2,Haier,FZ,Chest,Active,,admin,01/08/2026
HCF-228P2,Haier,FZ,Chest,Active,,admin,01/08/2026
HCF-LF228,Haier,FZ,Chest,Active,,admin,01/08/2026
HCF-SB228,Haier,FZ,Chest,Active,,admin,01/08/2026
HCF-200GLF,Haier,FZ,Chest,Active,,admin,01/08/2026
HCF-200HM,Haier,FZ,Chest,Active,,admin,01/08/2026
SD-217P,Haier,FZ,Chest,Active,,admin,01/08/2026
HCF-300DP,Haier,FZ,Chest,Active,,admin,01/08/2026
HCF-350DP,Haier,FZ,Chest,Active,,admin,01/08/2026
HCF-428DP,Haier,FZ,Chest,Active,,admin,01/08/2026
HCF-478DPV2,Haier,FZ,Chest,Active,,admin,01/08/2026
HCF-478DP,Haier,FZ,Chest,Active,,admin,01/08/2026
HCF-478M,Haier,FZ,Chest,Active,,admin,01/08/2026
HCF-568DP,Haier,FZ,Chest,Active,,admin,01/08/2026
HCF-568DPV2,Haier,FZ,Chest,Active,,admin,01/08/2026
HCF-568M,Haier,FZ,Chest,Active,,admin,01/08/2026
HCF-728C,Haier,FZ,Chest,Active,,admin,01/08/2026
HCF-728DP,Haier,FZ,Chest,Active,,admin,01/08/2026
HCF-728DPV2,Haier,FZ,Chest,Active,,admin,01/08/2026
SD-332D,Haier,FZ,Glass,Active,,admin,01/08/2026
SD-332DP,Haier,FZ,Glass,Active,,admin,01/08/2026
SD-407DP,Haier,FZ,Glass,Active,,admin,01/08/2026
SD-517DP,Haier,FZ,Glass,Active,,admin,01/08/2026
BD-151B,Haier,FZ,Vertical,Active,,admin,01/08/2026
BD-151C,Haier,FZ,Vertical,Active,,admin,01/08/2026
BD-276B,Haier,FZ,Vertical,Active,,admin,01/08/2026
HDV70E1,Haier,WM,Dryer,Active,,admin,01/08/2026
HDV70E1(CB),Haier,WM,Dryer,Active,,admin,01/08/2026
HDV80E1,Haier,WM,Dryer,Active,,admin,01/08/2026
HD100-A357S8,Haier,WM,Dryer,Active,,admin,01/08/2026
HD100-AR959S,Haier,WM,Dryer,Active,,admin,01/08/2026
HD140-AR367S8U1,Haier,WM,Dryer,Active,,admin,01/08/2026
HWD100-BP12357S8,Haier,WM,FL Wash&Dry,Active,,admin,01/08/2026
HWD100-BP14959S8,Haier,WM,FL Wash&Dry,Active,,admin,01/08/2026
HWD100-B14876U1,Haier,WM,FL Wash&Dry,Active,,admin,01/08/2026
HWD130-BP14959S8,Haier,WM,FL Wash&Dry,Active,,admin,01/08/2026
HWD140-BD14LCGNU1,Haier,WM,FL Wash&Dry,Active,,admin,01/08/2026
HWD140-BP14367S8U1,Haier,WM,FL Wash&Dry,Active,,admin,01/08/2026
HWD140-BPD14387GNU1,Haier,WM,FL Wash&Dry,Active,,admin,01/08/2026
HWD150-B1601U1,Haier,WM,FL Wash&Dry,Active,,admin,01/08/2026
HWD150-BP14986ES8U1,Haier,WM,FL Wash&Dry,Active,,admin,01/08/2026
HWD210-BD12LGNU1,Haier,WM,FL Wash&Dry,Active,,admin,01/08/2026
HW80-BP10829(CB),Haier,WM,Front Load,Active,,admin,01/08/2026
HW80-BP12929A,Haier,WM,Front Load,Active,,admin,01/08/2026
HW90-BP12357S8,Haier,WM,Front Load,Active,,admin,01/08/2026
HW90-BP14959,Haier,WM,Front Load,Active,,admin,01/08/2026
HW95-BP14929AS6,Haier,WM,Front Load,Active,,admin,01/08/2026
HW100-BP12357S8,Haier,WM,Front Load,Active,,admin,01/08/2026
HW100-BP14959S6,Haier,WM,Front Load,Active,,admin,01/08/2026
HW105-BP14929AS6,Haier,WM,Front Load,Active,,admin,01/08/2026
HW120-BP12357S8,Haier,WM,Front Load,Active,,admin,01/08/2026
HW120-BP14367S8U1,Haier,WM,Front Load,Active,,admin,01/08/2026
HW120-BP14929AS6,Haier,WM,Front Load,Active,,admin,01/08/2026
HW120-BP14959S6,Haier,WM,Front Load,Active,,admin,01/08/2026
HW140-BD14697WU1,Haier,WM,Front Load,Active,,admin,01/08/2026
HW140-BP14367S8U1,Haier,WM,Front Load,Active,,admin,01/08/2026
HW140-BPD14387GNU1,Haier,WM,Front Load,Active,,admin,01/08/2026
HW150-BP14986ES9,Haier,WM,Front Load,Active,,admin,01/08/2026
HW180-BPD14387GNU1,Haier,WM,Front Load,Active,,admin,01/08/2026
HWM80-316S6,Haier,WM,Top Load,Active,,admin,01/08/2026
HWM100-1701R(CB),Haier,WM,Top Load,Active,,admin,01/08/2026
HWM100-316S6,Haier,WM,Top Load,Active,,admin,01/08/2026
HWM120-1701RS,Haier,WM,Top Load,Active,,admin,01/08/2026
HWM120-316S6,Haier,WM,Top Load,Active,,admin,01/08/2026
HWM130-B1678ES8,Haier,WM,Top Load,Active,,admin,01/08/2026
HWM140-1701D,Haier,WM,Top Load,Active,,admin,01/08/2026
HWM140-1702DS,Haier,WM,Top Load,Active,,admin,01/08/2026
HWM140-1826T,Haier,WM,Top Load,Active,,admin,01/08/2026
HWM150-316S6,Haier,WM,Top Load,Active,,admin,01/08/2026
HWM150-B1678ES8,Haier,WM,Top Load,Active,,admin,01/08/2026
HWM160-1701D,Haier,WM,Top Load,Active,,admin,01/08/2026
HWM160-B2178S8,Haier,WM,Top Load,Active,,admin,01/08/2026
HWM160-B278S6,Haier,WM,Top Load,Active,,admin,01/08/2026
HWM180-B1678S8,Haier,WM,Top Load,Active,,admin,01/08/2026
HWM180-B2178S8,Haier,WM,Top Load,Active,,admin,01/08/2026
HWM180-B278S6,Haier,WM,Top Load,Active,,admin,01/08/2026
HWM200-B1678ES8,Haier,WM,Top Load,Active,,admin,01/08/2026
HWM200-B2158B,Haier,WM,Top Load,Active,,admin,01/08/2026
HWM250-1701D,Haier,WM,Top Load,Active,,admin,01/08/2026
HTW70-1217BS,Haier,WM,Twin Tub,Active,,admin,01/08/2026
HTW90-1217BS,Haier,WM,Twin Tub,Active,,admin,01/08/2026
HWM-T100 OXI,Haier,WM,Twin Tub,Active,,admin,01/08/2026
HTW110-1217BS,Haier,WM,Twin Tub,Active,,admin,01/08/2026
HWM-T120 OXI,Haier,WM,Twin Tub,Active,,admin,01/08/2026
HTW130-1217BS,Haier,WM,Twin Tub,Active,,admin,01/08/2026
HTW150-1217BS,Haier,WM,Twin Tub,Active,,admin,01/08/2026
HWM-T160N2,Haier,WM,Twin Tub,Active,,admin,01/08/2026
HWM-T180N2,Haier,WM,Twin Tub,Active,,admin,01/08/2026
HWM-T200N2,Haier,WM,Twin Tub,Active,,admin,01/08/2026
HRF-MD350 GB,Haier,RF,Multi Dr,Active,,admin,01/08/2026
HRF-MD419M,Haier,RF,Multi Dr,Active,,admin,01/08/2026
HRF-MD456 GB,Haier,RF,Multi Dr,Active,,admin,01/08/2026
HRF-MD469G GB,Haier,RF,Multi Dr,Active,,admin,01/08/2026
HRF-MD469G HPW,Haier,RF,Multi Dr,Active,,admin,01/08/2026
HRF-MD469M MB,Haier,RF,Multi Dr,Active,,admin,01/08/2026
HRF-MD469WG,Haier,RF,Multi Dr,Active,,admin,01/08/2026
HRF-MD529I(MLW)GU1,Haier,RF,Multi Dr,Active,,admin,01/08/2026
HRF-FD529I(MLW)GU1,Haier,RF,Multi Dr,Active,,admin,01/08/2026
HRF-MD539IW(GL)U1,Haier,RF,Multi Dr,Active,,admin,01/08/2026
HRF-MD539GBT,Haier,RF,Multi Dr,Active,,admin,01/08/2026
HRF-MD550GB,Haier,RF,Multi Dr,Active,,admin,01/08/2026
HRF-MD620GB,Haier,RF,Multi Dr,Active,,admin,01/08/2026
HRF-MD758SIBGU1,Haier,RF,Multi Dr,Active,,admin,01/08/2026
HRF-MD679GB,Haier,RF,Multi Dr,Active,,admin,01/08/2026
HRF-SBS490 SV,Haier,RF,SBS,Active,,admin,01/08/2026
RSB59CRFD1OL,Haier,RF,SBS,Active,,admin,01/08/2026
HRF-SBS569MS CB,Haier,RF,SBS,Active,,admin,01/08/2026
HRF-SBS569MS HP,Haier,RF,SBS,Active,,admin,01/08/2026
HRF-SBS636 MS,Haier,RF,SBS,Active,,admin,01/08/2026
HRF-SBS636IW(SLB)U1,Haier,RF,SBS,Active,,admin,01/08/2026
HRF-185MN,Haier,RF,2Dr,Active,,admin,01/08/2026
HRF-209MNI BK,Haier,RF,2Dr,Active,,admin,01/08/2026
HRF-209MNI HPMS,Haier,RF,2Dr,Active,,admin,01/08/2026
HRF-215MN SS,Haier,RF,2Dr,Active,,admin,01/08/2026
HRF-RT205MN NS,Haier,RF,2Dr,Active,,admin,01/08/2026
HRF-239MNI BK,Haier,RF,2Dr,Active,,admin,01/08/2026
HRF-245MN SS,Haier,RF,2Dr,Active,,admin,01/08/2026
HRF-RT235MN NS,Haier,RF,2Dr,Active,,admin,01/08/2026
HRF-240MNI,Haier,RF,2Dr,Active,,admin,01/08/2026
HRF-THM259I,Haier,RF,2Dr,Active,,admin,01/08/2026
HRF-THM25NS,Haier,RF,2Dr,Active,,admin,01/08/2026
HRF-260MGI,Haier,RF,2Dr,Active,,admin,01/08/2026
HRF-285MNI,Haier,RF,2Dr,Active,,admin,01/08/2026
HRF-350MNI BK,Haier,RF,2Dr,Active,,admin,01/08/2026
HRF-320MNI BK,Haier,RF,2Dr,Active,,admin,01/08/2026
HRF-THM42I,Haier,RF,2Dr,Active,,admin,01/08/2026
HRF-THM42N,Haier,RF,2Dr,Active,,admin,01/08/2026
HRF-455MNI,Haier,RF,2Dr,Active,,admin,01/08/2026
HRF-460IMGU1,Haier,RF,2Dr,Active,,admin,01/08/2026
HRF-460MGI,Haier,RF,2Dr,Active,,admin,01/08/2026
HRF-460MNI,Haier,RF,2Dr,Active,,admin,01/08/2026
HRF-490IWMGU1,Haier,RF,2Dr,Active,,admin,01/08/2026
HRF-490MGI,Haier,RF,2Dr,Active,,admin,01/08/2026
HR-SD55,Haier,RF,1Dr,Active,,admin,01/08/2026
HR-SD95,Haier,RF,1Dr,Active,,admin,01/08/2026
HR-ADBX15 CB,Haier,RF,1Dr,Active,,admin,01/08/2026
HR-ADBX15 CS,Haier,RF,1Dr,Active,,admin,01/08/2026
HR-DMBX15 CB,Haier,RF,1Dr,Active,,admin,01/08/2026
HR-DMBX15 CG,Haier,RF,1Dr,Active,,admin,01/08/2026
HR-SD149M MB,Haier,RF,1Dr,Active,,admin,01/08/2026
HR-SD159F BE,Haier,RF,1Dr,Active,,admin,01/08/2026
HR-SD159F CS,Haier,RF,1Dr,Active,,admin,01/08/2026
HR-SD159F HPG,Haier,RF,1Dr,Active,,admin,01/08/2026
HR-DMBX18 CB,Haier,RF,1Dr,Active,,admin,01/08/2026
HR-DMBX18 CS,Haier,RF,1Dr,Active,,admin,01/08/2026
HR-SD189M MB,Haier,RF,1Dr,Active,,admin,01/08/2026
HR-SD199F BE,Haier,RF,1Dr,Active,,admin,01/08/2026
HR-SD199F CS,Haier,RF,1Dr,Active,,admin,01/08/2026
HRF-BM329MI,Haier,RF,BM,Active,,admin,01/08/2026
H65C900UX,Haier,TV,OLED,Active,,admin,01/08/2026
H55M80FUX,Haier,TV,MINI-LED,Active,,admin,01/08/2026
H65M80FUX,Haier,TV,MINI-LED,Active,,admin,01/08/2026
H75M80FUX,Haier,TV,MINI-LED,Active,,admin,01/08/2026
H75M95EUX,Haier,TV,MINI-LED,Active,,admin,01/08/2026
H85M80FUX,Haier,TV,MINI-LED,Active,,admin,01/08/2026
H32S80EFX,Haier,TV,QLED,Active,,admin,01/08/2026
H43S80EUX,Haier,TV,QLED,Active,,admin,01/08/2026
H43S80GUX,Haier,TV,QLED,Active,,admin,01/08/2026
H50S80EUX,Haier,TV,QLED,Active,,admin,01/08/2026
H50S80GUX,Haier,TV,QLED,Active,,admin,01/08/2026
H55K7UG,Haier,TV,QLED,Active,,admin,01/08/2026
H55S80EUX,Haier,TV,QLED,Active,,admin,01/08/2026
H55S80GUX,Haier,TV,QLED,Active,,admin,01/08/2026
H55S900UX,Haier,TV,QLED,Active,,admin,01/08/2026
H55S90EUX,Haier,TV,QLED,Active,,admin,01/08/2026
H65K7UG,Haier,TV,QLED,Active,,admin,01/08/2026
H65S80EUX,Haier,TV,QLED,Active,,admin,01/08/2026
H65S80GUX,Haier,TV,QLED,Active,,admin,01/08/2026
H65S90EUX,Haier,TV,QLED,Active,,admin,01/08/2026
H75K7UG,Haier,TV,QLED,Active,,admin,01/08/2026
H75S800UX,Haier,TV,QLED,Active,,admin,01/08/2026
H75S80GUX,Haier,TV,QLED,Active,,admin,01/08/2026
H75S90EUX,Haier,TV,QLED,Active,,admin,01/08/2026
H85S800UX,Haier,TV,QLED,Active,,admin,01/08/2026
H85S80GUX,Haier,TV,QLED,Active,,admin,01/08/2026
H100S90GUX,Haier,TV,QLED,Active,,admin,01/08/2026
H32K70G,Haier,TV,UHD,Active,,admin,01/08/2026
H43K85FFX,Haier,TV,UHD,Active,,admin,01/08/2026
H50K66UG,Haier,TV,UHD,Active,,admin,01/08/2026
H50K6UG PLUS,Haier,TV,UHD,Active,,admin,01/08/2026
H50K85FUX,Haier,TV,UHD,Active,,admin,01/08/2026
LE50K8000UA,Haier,TV,UHD,Active,,admin,01/08/2026
H55K66UG,Haier,TV,UHD,Active,,admin,01/08/2026
H55K6UG PLUS,Haier,TV,UHD,Active,,admin,01/08/2026
H55K85FUX,Haier,TV,UHD,Active,,admin,01/08/2026
H55K85GUX,Haier,TV,UHD,Active,,admin,01/08/2026
H58K66UG,Haier,TV,UHD,Active,,admin,01/08/2026
H58K67UG,Haier,TV,UHD,Active,,admin,01/08/2026
H65K6UG,Haier,TV,UHD,Active,,admin,01/08/2026
H65K85FUX,Haier,TV,UHD,Active,,admin,01/08/2026
H65K85GUX,Haier,TV,UHD,Active,,admin,01/08/2026
H70D6UG,Haier,TV,UHD,Active,,admin,01/08/2026
H75K85FUX,Haier,TV,UHD,Active,,admin,01/08/2026
H75K85GUX,Haier,TV,UHD,Active,,admin,01/08/2026
32H5F,Haier,TV,FHD,Active,,admin,01/08/2026
H32D6M,Haier,TV,FHD,Active,,admin,01/08/2026
H32F6000,Haier,TV,FHD,Active,,admin,01/08/2026
H32S70GFX,Haier,TV,FHD,Active,,admin,01/08/2026
LE32B9600T,Haier,TV,FHD,Active,,admin,01/08/2026
LE32K6000,Haier,TV,FHD,Active,,admin,01/08/2026
LE39K8000,Haier,TV,FHD,Active,,admin,01/08/2026
LE39K8000A,Haier,TV,FHD,Active,,admin,01/08/2026
H40K6FG PLUS,Haier,TV,FHD,Active,,admin,01/08/2026
H43D5F,Haier,TV,FHD,Active,,admin,01/08/2026
H43K6FG,Haier,TV,FHD,Active,,admin,01/08/2026
H43K6FG PLUS,Haier,TV,FHD,Active,,admin,01/08/2026
H43S70GFX,Haier,TV,FHD,Active,,admin,01/08/2026
H50S70GFX,Haier,TV,FHD,Active,,admin,01/08/2026
H55D6UG,Haier,TV,FHD,Active,,admin,01/08/2026
EI35E(DW),Haier,WH,Digital,Active,,admin,01/08/2026
EI35E-F3CS(TH),Haier,WH,Digital,Active,,admin,01/08/2026
EI35G1(S),Haier,WH,Digital,Active,,admin,01/08/2026
EI35G2(G),Haier,WH,Digital,Active,,admin,01/08/2026
EI35H2(B),Haier,WH,Digital,Active,,admin,01/08/2026
EI45E-F3CS(TH),Haier,WH,Digital,Active,,admin,01/08/2026
EI45E-K5CB(TH),Haier,WH,Digital,Active,,admin,01/08/2026
EI45G2(G),Haier,WH,Digital,Active,,admin,01/08/2026
EI45H2(B),Haier,WH,Digital,Active,,admin,01/08/2026
EI55E-K5CB-RS(TH),Haier,WH,Digital,Active,,admin,01/08/2026
EI60C1(W),Haier,WH,Digital,Active,,admin,01/08/2026
EI60E(DB),Haier,WH,Digital,Active,,admin,01/08/2026
EI60E-PAD5AB(TH),Haier,WH,Digital,Active,,admin,01/08/2026
EI60G2(G),Haier,WH,Digital,Active,,admin,01/08/2026
EI35A1(W),Haier,WH,Manual,Active,,admin,01/08/2026
EI35A2(W),Haier,WH,Manual,Active,,admin,01/08/2026
EI35L1(W),Haier,WH,Manual,Active,,admin,01/08/2026
EI35M(AES),Haier,WH,Manual,Active,,admin,01/08/2026
EI35M-D1W(TH),Haier,WH,Manual,Active,,admin,01/08/2026
EI35M-F1CWB(TH),Haier,WH,Manual,Active,,admin,01/08/2026
EI35M-F1W(TH),Haier,WH,Manual,Active,,admin,01/08/2026
EI35M1(W),Haier,WH,Manual,Active,,admin,01/08/2026
EI45A1(W),Haier,WH,Manual,Active,,admin,01/08/2026
EI45A2(W),Haier,WH,Manual,Active,,admin,01/08/2026
EI45H1(W),Haier,WH,Manual,Active,,admin,01/08/2026
EI45M(AE),Haier,WH,Manual,Active,,admin,01/08/2026
EI45M-B1W(TH),Haier,WH,Manual,Active,,admin,01/08/2026
EI45M-D1W(TH),Haier,WH,Manual,Active,,admin,01/08/2026
EI45M-F1CWB(TH),Haier,WH,Manual,Active,,admin,01/08/2026
EI45M-F1W(TH),Haier,WH,Manual,Active,,admin,01/08/2026
EI45M-J1CW-F(TH),Haier,WH,Manual,Active,,admin,01/08/2026
EI45M1(W),Haier,WH,Manual,Active,,admin,01/08/2026
HDC-BB3A1B-TH,Haier,WH,Water Dispenser,Active,,admin,01/08/2026
HDC-TB3B1W-TH,Haier,WH,Water Dispenser,Active,,admin,01/08/2026
